manifest_file,fss_source_file,match_type,local_duration_s,source_duration_s,note
vishing_1.wav,3차-(12).4차례 신고된 남성 전화금융사기범 음성 4.mpeg-01.wav,exact,93.36,93.44,
vishing_2.wav,"(1) 은행 창구에서 불량 은행 직원이 귀하의 명의도용 사건 관련하여 조사를 받는 중인지 질문을 할 수 있는데, 이런 질문에 대해서는 그냥 아니라고 회피하시면 됩니다. 불량 은행 직원이 눈치 챌 수 있으니 은행권 안에서는 통화를 하지 마세요.mp3",exact,759.01,759.09,
vishing_3.wav,신용평점을 높이려면 기존 대출을 상환하셔야 합니다.mp3,exact,128.05,128.39,
vishing_4.wav,(2) 은행권에 들어갔다 나오더니 태도가 갑자기 왜 이렇습니까_ 본인 관할 경찰서 어디에요.mp3,exact,163.91,164.0,
vishing_5.wav,대출빙자형 사례 6_편법을 통해 피해자 신용평점을 상향시키기 위한 대출상환 요구.mp4-01.wav,exact,218.28,218.42,
vishing_6.wav,(4) 고객님과 담당자 간 부정대납이 있었던 것을 해결해주셔야 대출이 가능합니다..mp3,exact,381.0,380.43,
vishing_7.wav,(ARS) 행복을 약속하는 신한은행.mp3,exact,14.32,14.32,
vishing_8.wav,"팀장 이상 직급 직원의 개인실명계좌로 상환절차를 진행하실거에요. 대출 과정에서 종종 문제가 발생하는데, 책임을 회피하지 못하도록 팀장 이상 직원의 개인계좌로 절차를 진행하는 거에요.mp3",exact,148.9,150.02,
vishing_9.wav,신용평점이 신용등급에 비해 낮게 책정되어 상환능력이 낮아 원칙대로라면 부결로 처리될 건이신데요.mp3,exact,160.52,160.18,
vishing_10.wav,검찰사칭_단순한사항때문에 연락드린건 아니다.mp3,exact,62.83,63.24,
vishing_11.wav,4차례 신고된 남성 전화금융사기범 음성 2.mpeg-01.wav,exact,40.71,40.85,
vishing_12.wav,"고객님들의 신용대출 거래내역을 토대로 대출을 해드리는데, 고객님은 신용대출이 없어 상환능력평가 미달로 부결처리되었습니다.mp3",exact,383.34,383.61,
vishing_13.wav,"고객님 상환하셨다는 서류를 고객센터로 보내야 하는데, 수요일이 공휴일이라 처리가 밀려서 아직 상환내역이 확인안되시는 걸거에요.mp3",exact,103.6,103.73,
vishing_14.wav,수사기관사칭_야 그걸 누가 속냐.mp3,exact,83.38,83.97,
vishing_15.wav,"(대출사기 ①) 이미 금감원 쪽에 고객님께서 대출 알아보신다는 정보가 들어가서, 만약에 지금 대출을 취소하시면 향후 대출 받으실 때 불이익이 있을 수 있습니다.mp3",exact,751.93,752.01,
vishing_16.wav,(은행·캐피탈 직원 역할분담 ① - 은행직원) OOO캐피탈 채권회수팀에 직접 연락하셔서 기존 대출을 납부하시면서 전산이관 요청을 하셔야 합니다.mp3,exact,188.27,189.7,
vishing_17.wav,(3) 송금 시간이 늦어져서 예약 송금 건으로 자금 송금하도록 하겠습니다.mp3,exact,217.69,217.95,
vishing_18.wav,원하시는 대출금의 20percent에 해당하는 금액을 예치하셔야 상환능력이 확인되어 대출이 가능합니다.mp3,exact,159.03,159.14,
vishing_19.wav,명의도용 및 양도혐의로 몇가지 확인차 연락.mp3,offset_corrected,888.27,882.85,metadata bias ~2.45s
vishing_20.wav,금감원_보이스피싱_4_수정07.mp4.wav,exact,190.61,191.8,
vishing_21.wav,(대포통장 모집-②) (제보자가 대포통장 명의인으로 신고된 후 화가 나서 전화하자) 저희도 보이스피싱 사기를 당한거에요.mp3,exact,141.97,142.05,
vishing_22.wav,"(동일 사기범 다수 제보 건 편집본) 귀하의 이름을 판매자로 등록한 후 고가의 항공권, 상품권을 판다고 한 후, 돈만 가로채고 도주한 사건입니다.mp3",exact,292.57,292.13,
vishing_23.wav,"(동일 사기범 다수 제보 건 편집본) 녹취라고 해서 별다른 건 없고, 아까 제가 드렸던 질문을 그대로 녹취에 담을 겁니다. 수사 협조 부탁드립니다.mp3",exact,243.65,243.72,
vishing_24.wav,"(동일 사기범 다수 제보 건 편집본) 중고나라 사이트를 통해 고가의 물건을 등록해놓고 물건은 양도하지 않고 자금만 편취한 사건인데, 금융범죄사기로 분류되어 저희 첨단범죄수사부에서 사건 진행을 맡고 있습니다.mp3",exact,349.75,348.95,
vishing_25.wav,(동일 사기범 다수 제보 접수 건 편집본) 저는 서울중앙지검 강력수사팀 OOO 수사관입니다. 명의가 유출되어 피해를 보신 부분에 대해서는 보상을 받으실 수 있습니다..mp3,exact,297.46,297.2,
vishing_26.wav,(사기이용계좌 명의인에게 지급정지 해제 명목으로 금전 요구) 계좌 지급정지를 해제하기 위해서는 200만원을 보내주셔야 합니다. 그렇지 않으시면 벌금 500만원 정도 납부하시고 6개월~1년 정도 기다리셔야 해요..mp3,exact,405.55,405.55,
vishing_27.wav,"(대포통장 모집-①) 퀵서비스를 보내드릴 건데, 적당한 크기의 박스에 걸레 등을 꽉 채워서 무게를 늘려서 체크카드인 걸 들키지 않게 해서 보내주세요.mp3",exact,189.61,190.69,
vishing_28.wav,"(은행·캐피탈 직원 역할분담 ② - 은행직원) 고객님이 OOO캐피탈에 직접 연락하시면 저희가 필요한 공문을 못받아요 못받아요. 저희가 미리 OOO캐피탈에 공문 요청할테니, 해당 직원에게 상환하세요.mp3",exact,213.28,213.34,
vishing_29.wav,(은행·캐피탈 직원 역할분담 ③ - 캐피탈직원) 저희 OOO캐피탈 대출 갚으시고 OO은행으로 저금리 대출 전환하시려는거 아니죠_.mp3,exact,209.63,209.71,
vishing_30.wav,(인출책 모집 수법) 귀하의 계좌로 입금되는 중고차 매매 대금을 인출해서 영업사원에게 전달해드리면 됩니다.mp3,exact,293.83,293.9,
vishing_31.wav,"(인출책 모집수법) 돈을 받아서 비트코인을 산 다음 현금화하는 건데, 편법이긴 하지만 불법은 아닙니다.mp3",exact,329.42,329.51,
vishing_32.wav,42세남성 이동수와은 어떤관계죠.mp3,offset_corrected,485.25,482.43,metadata bias ~2.45s
vishing_33.wav,3차-(5).5차례 신고된 남성 전화금융사기범 음성 3.mpeg-02.wav,exact,66.95,66.97,
vishing_34.wav,"(피해자 자산이 별로 없자 급히 종결) 일단 간단한 조사는 완결되었고, 추후 본인 주소지로 조사결과서와 출석요구서가 갈 수 있으니 잘 받아주시기 바랍니다.mp3",exact,436.84,436.92,
vishing_35.wav,녹취상태로 수사진행시에는 제3자소리가 들려선안됩니다.mp3,exact,280.14,279.61,
vishing_36.wav,(피해자가 의심하자) 고객님께서 OO캐시에 대출금 상환하실 때 저희가 중도상환수수료 같은거 요구하던가요_ 저희 도움으로 정상적으로 상환하셨죠_ 사기업체면 이렇게 안합니다.mp3,exact,488.39,488.46,
vishing_37.wav,저희는 코드번호를 가진 금융회사 수탁업체입니다.mp3,exact,80.97,81.55,
vishing_38.wav,(현금 인출책 모집) 저희 쪽 직원에게 수수료를 제한 금액을 전달하시면 됩니다.mp3,exact,158.71,158.8,
vishing_39.wav,(현금인출책 모집) 자동차를 구매하려는 고개들의 체크카드로 입금되는 구매대금을 인출하여 회사계좌로 무통장입금하시면 됩니다.mp3,exact,392.49,392.57,
vishing_40.wav,"일단 접수해드리고, 10분 후에 저희 심사과에서 전화가 갈테니 그때 받아주세요.mp3",exact,146.86,146.68,
vishing_41.wav,(현금인출책으로 이용) 김OO씨한테서 2천만원이 입금될 거에요. 은행에서 무슨 관계냐고 물으면 친오빠라고 하세요.mp3,exact,238.17,238.24,
vishing_42.wav,"최근 2,3년 사이에 핸드폰이나 지갑, 신분증을 분실하신 경험.mp3",exact,72.88,72.96,
vishing_43.wav,10번_3차례 신고된 남성 전화금융사기범 (음성_10).mp4-02.wav,exact,35.66,35.66,
vishing_44.wav,사건개요 말씀해드리겠습니다.mp3,exact,54.85,55.07,
vishing_45.wav,11번수정.mp4-01.wav,exact,137.31,137.31,
vishing_46.wav,15master.mp4-01.wav,exact,60.11,61.71,
vishing_47.wav,"왜 상환처리하냐고 물어보면, 현금이 융통되어서 필요없게 되었다고 답하세요. 점수 올리려고 상환한다고 하시면 안돼요..mp3",exact,101.11,101.12,
vishing_48.wav,12번_3차례 신고된 남성 전화금융사기범 (음성_12).mp4-01.wav,exact,35.59,35.59,
vishing_49.wav,음성안내에 대해 대출상담을 신청하자 시중은행을 사칭.mp3,exact,52.42,52.64,
vishing_50.wav,12번_3차례 신고된 남성 전화금융사기범 (음성_12).mp4-03.wav,exact,33.25,33.25,
vishing_51.wav,3차-(12).4차례 신고된 남성 전화금융사기범 음성 4.mpeg-04.wav,exact,53.58,53.75,
vishing_52.wav,13번수정.mp4-02.wav,exact,29.72,29.72,
vishing_53.wav,13번수정.mp4-03.wav,exact,22.23,22.23,
vishing_54.wav,6차례 신고된 남성 전화금융사기범 음성 2.mpeg-02.wav,exact,47.36,47.65,
vishing_55.wav,12번_3차례 신고된 남성 전화금융사기범 (음성_12).mp4-02.wav,exact,52.31,52.42,
vishing_56.wav,5차례 신고된 남성 전화금융사기범 음성 4.mpeg-04.wav,exact,46.71,46.79,
vishing_57.wav,바로 이 목소리_6차례 신고된 남성 전화금융사기범 음성.mpeg-05.wav,exact,41.11,41.33,
vishing_58.wav,4차례 신고된 남성 전화금융사기범 음성 1.mpeg-04.wav,exact,61.71,61.93,
vishing_59.wav,6차례 신고된 남성 전화금융사기범 음성 2.mpeg-01.wav,exact,43.58,43.7,
vishing_60.wav,3차-(15).4차례 신고된 남성 전화금융사기범 음성 7.mpeg-03.wav,exact,47.24,47.27,
vishing_61.wav,17번수정.mp4-01.wav,exact,65.4,65.48,
vishing_62.wav,"OO컨설팅인데, 고금리 대출 저리로 전환해드려요. 불법 아니고 합법으로 하는 겁니다..mp3",exact,43.8,44.13,
vishing_63.wav,바로 이 목소리_6차례 신고된 남성 전화금융사기범 음성.mpeg-03.wav,exact,47.87,48.44,
vishing_64.wav,16번수정.mp4-01.wav,exact,31.69,31.69,
vishing_65.wav,5차례 신고된 남성 전화금융사기범 음성 3.mpeg-03.wav,exact,71.36,71.57,
vishing_66.wav,16번수정.mp4-03.wav,exact,38.37,38.37,
vishing_67.wav,5차례 신고된 남성 전화금융사기범 음성 2.mpeg-03.wav,exact,65.48,65.67,
vishing_68.wav,17번수정.mp4-02.wav,exact,35.95,35.95,
vishing_69.wav,바로 이 목소리 사례3_F.mpeg-01.wav,exact,55.94,56.06,
vishing_70.wav,계좌개설할때 본인확인하지 않나요.mp3,exact,98.9,98.93,
vishing_71.wav,녹취상태에서 조사가 이뤄질거구요.mp3,exact,1129.4,1129.61,
vishing_72.wav,우리가 이제 금융감독원에 통보를 할꺼예요.mp3,exact,196.88,198.37,
vishing_73.wav,4차례 신고된 남성 전화금융사기범 음성 3.mpeg-01.wav,exact,56.93,56.99,
vishing_74.wav,명의도용 및 양도혐의로 몇가지 확인차 연락드렸습니다.mp3,exact,59.26,59.47,
vishing_75.wav,2번_3차례 신고된 여성 전화금융사기범 (음성_2).mp4-03.wav,exact,68.67,68.67,
vishing_76.wav,3차-(13).4차례 신고된 남성 전화금융사기범 음성 5.mpeg-02.wav,exact,93.97,94.3,
vishing_77.wav,금융사기사건 피의자입니다.mp3,exact,140.95,140.21,
vishing_78.wav,3차-(1).16차례 신고된 남성 전화금융사기범 음성.mpeg-01.wav,exact,35.33,35.33,
vishing_79.wav,고객님께서 DTI 점수가 초과되셔서 기존 대출을 부분상환하셔야 합니다.mp3,exact,27.12,27.17,
vishing_80.wav,3차-(1).16차례 신고된 남성 전화금융사기범 음성.mpeg-03.wav,exact,25.11,25.11,
vishing_81.wav,3차-(1).16차례 신고된 남성 전화금융사기범 음성.mpeg-04.wav,exact,29.91,29.91,
vishing_82.wav,3차-(1).16차례 신고된 남성 전화금융사기범 음성.mpeg-05.wav,exact,25.73,25.73,
vishing_83.wav,3차-(1).16차례 신고된 남성 전화금융사기범 음성.mpeg-06.wav,exact,23.4,23.4,
vishing_84.wav,3차-(1).16차례 신고된 남성 전화금융사기범 음성.mpeg-07.wav,exact,17.2,17.2,
vishing_85.wav,3차-(1).16차례 신고된 남성 전화금융사기범 음성.mpeg-08.wav,exact,33.16,33.16,
vishing_86.wav,4차례 신고된 남성 전화금융사기범 음성 1.mpeg-03.wav,exact,52.07,52.15,
vishing_87.wav,3차-(1).16차례 신고된 남성 전화금융사기범 음성.mpeg-10.wav,exact,23.09,23.09,
vishing_88.wav,대출빙자형 사례 2_정부지원자금 대출을 받기 위한 공증서 발급비용 요구.mp4-01.wav,exact,95.01,95.18,
vishing_89.wav,3차-(10).4차례 신고된 남성 전화금융사기범 음성 2.mpeg-02.wav,exact,157.98,157.98,
vishing_90.wav,6번_3차례 신고된 남성 전화금융사기범 (음성_6).mp4-03.wav,exact,41.55,41.81,
vishing_91.wav,3차-(10).4차례 신고된 남성 전화금융사기범 음성 2.mpeg-04.wav,exact,39.29,39.29,
vishing_92.wav,3차-(11).4차례 신고된 남성 전화금융사기범 음성 3.mpeg-01.wav,exact,41.94,41.94,
vishing_93.wav,저희가 연락드린 전반적인 이유는요.mp3,exact,75.22,75.41,
vishing_94.wav,책에다가 체크카드꽂고- 그 책을 박스에 넣고- 그 박스를 테이프로 동봉하셨어요. 퀵서비스 직원 보내드릴게요. 은행에 ATM 1일 현금인출한도는 1천만원으로 변경해주세요.. 은행에 ATM 1일 현금인출한도는 1천만원으로 변경해주세요.mp3,exact,110.84,112.48,
vishing_95.wav,4차례 신고된 여성 전화금융사기범 음성 1.mpeg-02.wav,exact,118.66,118.69,
vishing_96.wav,300~500만원 정도 본인 융통이 되시면 나머지는 저희가 지원금 통해서 같이 상환하는 걸로 도와드리겠습니다.mp3,exact,93.44,94.04,
vishing_97.wav,서울청 수사관인데요. 혹시 72년생 남성 OO를 아시나요.mp3,exact,42.56,42.66,
vishing_98.wav,5차례 신고된 남성 전화금융사기범 음성 5.mpeg-03.wav,exact,63.77,63.82,
vishing_99.wav,8번_3차례 신고된 남성 전화금융사기범 (음성_8).mp4-01.wav,exact,53.75,54.06,
vishing_100.wav,3차-(17).4차례 신고된 남성 전화금융사기범 음성 9.mpeg-03.wav,exact,80.12,80.2,
vishing_101.wav,4차례 신고된 여성 전화금융사기범 음성 1.mpeg-01.wav,exact,94.3,94.69,
vishing_102.wav,11번수정.mp4-03.wav,exact,101.0,101.11,
vishing_103.wav,6차례 신고된 남성 전화금융사기범 음성 3.mpeg-03.wav,exact,48.63,48.65,
vishing_104.wav,사례4 ( 2번 신고된 남성 목소리).mpeg-01.wav,exact,76.55,76.57,
vishing_105.wav,제가 이걸 여쭤보는 이유는요.mp3,exact,71.72,72.18,
vishing_106.wav,4차례 신고된 남성 전화금융사기범 음성 3.mpeg-03.wav,exact,86.35,86.45,
vishing_107.wav,3차-(14).4차례 신고된 남성 전화금융사기범 음성 6.mpeg-04.wav,exact,64.4,64.4,
vishing_108.wav,좀 크게 좀 말씀해주세요.mp3,exact,49.39,49.63,
vishing_109.wav,3차-(15).4차례 신고된 남성 전화금융사기범 음성 7.mpeg-02.wav,exact,73.02,73.02,
vishing_110.wav,13번수정.mp4-04.wav,exact,47.27,47.36,
vishing_111.wav,3차-(4).5차례 신고된 남성 전화금융사기범 음성 2.mpeg-04.wav,exact,71.28,71.34,
vishing_112.wav,1차 심사가 완료되었는데 이 결과를 자산관리공사에 올려서 보증보험사가 발급되어야 대출이 됩니다..mp3,exact,98.58,98.9,
vishing_113.wav,4차례 신고된 남성 전화금융사기범 음성 2.mpeg-04.wav,exact,65.05,65.06,
vishing_114.wav,3차-(16).4차례 신고된 남성 전화금융사기범 음성 8.mpeg-03.wav,exact,64.05,64.05,
vishing_115.wav,기억이 안나신다는 말씀이시죠.mp3,exact,124.6,124.94,
vishing_116.wav,만약 대출금 지급이 거절되면 제가 제 사비로 직접 대출을 받아서 오천만원 보내드리겠습니다.mp3,exact,115.43,115.98,
vishing_117.wav,"OO저축은행 법인 콜센터인데, 타사 대출을 저금리로 채무통합해드리겠습니다.mp3",exact,45.83,45.93,
vishing_118.wav,5차례 신고된 남성 전화금융사기범 음성 2.mpeg-01.wav,exact,80.2,80.41,
vishing_119.wav,4차례 신고된 남성 전화금융사기범 음성 1.mpeg-01.wav,exact,50.7,50.71,
vishing_120.wav,3차-(2).6차례 신고된 남성 전화금융사기범 음성.mpeg-01.wav,exact,38.2,38.2,
vishing_121.wav,5번수정.mp4-01.wav,exact,50.02,50.13,
vishing_122.wav,3차-(2).6차례 신고된 남성 전화금융사기범 음성.mpeg-03.wav,exact,33.88,33.88,
vishing_123.wav,3차-(2).6차례 신고된 남성 전화금융사기범 음성.mpeg-04.wav,exact,40.08,40.08,
vishing_124.wav,6차례 신고된 남성 전화금융사기범 음성 1.mpeg-06.wav,exact,65.88,65.88,
vishing_125.wav,사례8 ( 2번 신고된 여성 목소리).mpeg-02.wav,exact,51.75,51.83,
vishing_126.wav,3차-(3).5차례 신고된 남성 전화금융사기범 음성 1.mpeg-01.wav,exact,29.27,29.27,
vishing_127.wav,3차-(3).5차례 신고된 남성 전화금융사기범 음성 1.mpeg-02.wav,exact,25.1,25.1,
vishing_128.wav,3차-(3).5차례 신고된 남성 전화금융사기범 음성 1.mpeg-03.wav,exact,38.6,38.6,
vishing_129.wav,3차-(3).5차례 신고된 남성 전화금융사기범 음성 1.mpeg-04.wav,exact,18.21,18.21,
vishing_130.wav,3차-(3).5차례 신고된 남성 전화금융사기범 음성 1.mpeg-05.wav,exact,39.96,39.96,
vishing_131.wav,3차-(4).5차례 신고된 남성 전화금융사기범 음성 2.mpeg-01.wav,exact,34.09,34.09,
vishing_132.wav,2번_3차례 신고된 여성 전화금융사기범 (음성_2).mp4-02.wav,exact,58.84,59.26,
vishing_133.wav,3차-(4).5차례 신고된 남성 전화금융사기범 음성 2.mpeg-03.wav,exact,23.74,23.74,
vishing_134.wav,16번수정.mp4-02.wav,exact,71.34,71.36,
vishing_135.wav,3차-(4).5차례 신고된 남성 전화금융사기범 음성 2.mpeg-05.wav,exact,49.75,49.75,
vishing_136.wav,3차-(5).5차례 신고된 남성 전화금융사기범 음성 3.mpeg-01.wav,exact,55.3,55.3,
vishing_137.wav,5차례 신고된 남성 전화금융사기범 음성 2.mpeg-05.wav,exact,66.97,67.1,
vishing_138.wav,3차-(2).6차례 신고된 남성 전화금융사기범 음성.mpeg-06.wav,exact,51.33,51.75,
vishing_139.wav,바로 이 목소리_4차례 신고된 남성 전화금융사기범 음성_1.mpeg-04.wav,exact,41.02,41.03,
vishing_140.wav,5차례 신고된 남성 전화금융사기범 음성 1.mpeg-01.wav,exact,69.75,70.0,
vishing_141.wav,6차례 신고된 남성 전화금융사기범 음성 3.mpeg-02.wav,exact,76.28,76.35,
vishing_142.wav,5차례 신고된 남성 전화금융사기범 음성 1.mpeg-02.wav,exact,109.59,110.81,
vishing_143.wav,3차-(6).5차례 신고된 남성 전화금융사기범 음성 4.mpeg-04.wav,exact,18.08,18.08,
vishing_144.wav,"명의도용당한 피해자인지, 사기에 가담하신 가해자인지 확인하겠다.mp3",exact,127.09,127.35,
vishing_145.wav,협조를 안해주는데 사기범과 공모한 사실이 있는 것 아니냐.mp3,exact,50.74,51.25,
vishing_146.wav,2번_3차례 신고된 여성 전화금융사기범 (음성_2).mp4-01.wav,exact,56.77,56.93,
vishing_147.wav,3차-(7).5차례 신고된 여성 전화금융사기범 음성 1.mpeg-04.wav,exact,32.63,32.63,
vishing_148.wav,4차례 신고된 남성 전화금융사기범 음성 5.mpeg-01.wav,exact,62.48,62.66,
vishing_149.wav,얼마전 김OO 금융사기단을 검거했는데요.mp3,exact,99.36,99.39,
vishing_150.wav,3차-(8).5차례 신고된 여성 전화금융사기범 음성 2.mpeg-02.wav,exact,33.91,33.91,
vishing_151.wav,3차-(8).5차례 신고된 여성 전화금융사기범 음성 2.mpeg-03.wav,exact,103.42,103.42,
vishing_152.wav,3차-(17).4차례 신고된 남성 전화금융사기범 음성 9.mpeg-02.wav,exact,45.55,45.83,
vishing_153.wav,"이 상품은 정부지원자금대출이기 때문에, 현재 고객님의 대출 현황을 말씀해주셔야 해요.mp3",exact,129.32,130.87,
vishing_154.wav,3차-(17).4차례 신고된 남성 전화금융사기범 음성 9.mpeg-01.wav,exact,114.17,115.43,
vishing_155.wav,개인정보 유출되어 명의도용 당하신 피해자이신지 조사하려 연락했다.mp3,exact,102.28,103.22,
vishing_156.wav,"(인출책 모집수법) 환전 시 한 통장에 3천만원 이상 거래되면 세금이 많이 나오기 때문에, 알바생을 뽑아 금전 인출 업무를 맡기고 있다.mp3",exact,484.47,485.33,
vishing_157.wav,3차-(7).5차례 신고된 여성 전화금융사기범 음성 1.mpeg-02.wav,exact,50.71,50.74,
vishing_158.wav,4차례 신고된 남성 전화금융사기범 음성 1.mpeg-02.wav,exact,34.25,34.25,
vishing_159.wav,14번수정.mp4-01.wav,exact,52.15,52.31,
vishing_160.wav,3차-(7).5차례 신고된 여성 전화금융사기범 음성 1.mpeg-05.wav,exact,61.93,62.48,
vishing_161.wav,3차-(5).5차례 신고된 남성 전화금융사기범 음성 3.mpeg-04.wav,exact,40.85,41.02,
vishing_162.wav,4차례 신고된 남성 전화금융사기범 음성 2.mpeg-02.wav,exact,64.6,64.6,
vishing_163.wav,금감원_보이스피싱_8_수정06.mp4.wav,exact,63.57,63.6,
vishing_164.wav,6차례 신고된 남성 전화금융사기범 음성 1.mpeg-04.wav,exact,65.06,65.23,
vishing_165.wav,[검찰사칭] 서울 중앙지검입니다.mp3,exact,56.99,57.43,
vishing_166.wav,4차례 신고된 남성 전화금융사기범 음성 3.mpeg-02.wav,exact,42.68,42.68,
vishing_167.wav,4차례 신고된 남성 전화금융사기범 음성 3.mpeg-04.wav,exact,86.45,86.45,
vishing_168.wav,제가 지금 수업중인데 어떤일인데요.mp3,exact,86.45,87.17,
vishing_169.wav,4차례 신고된 남성 전화금융사기범 음성 4.mpeg-01.wav,exact,40.2,40.2,
vishing_170.wav,4차례 신고된 남성 전화금융사기범 음성 4.mpeg-02.wav,exact,29.9,29.9,
vishing_171.wav,경제범죄수사과 송두영수사관이라고 하는데요.mp3,exact,116.05,116.3,
vishing_172.wav,4차례 신고된 남성 전화금융사기범 음성 4.mpeg-04.wav,exact,32.4,32.4,
vishing_173.wav,(경찰 사칭)강남서 사이버수사과입니다_.mp3,exact,62.66,63.07,
vishing_174.wav,3차-(10).4차례 신고된 남성 전화금융사기범 음성 2.mpeg-01.wav,exact,94.99,95.01,
vishing_175.wav,4차례 신고된 남성 전화금융사기범 음성 5.mpeg-03.wav,exact,36.84,36.84,
vishing_176.wav,(1) 고객님께 배정된 법무사님께 98만원 송금 부탁드립니다.mp3,exact,92.99,93.22,
vishing_177.wav,4차례 신고된 남성 전화금융사기범 음성 6.mpeg-01.wav,exact,83.35,83.35,
vishing_178.wav,(대출빙자형)KB저축은행인데요 카카오톡친구추천부탁드립니다__2.mp3,exact,82.95,83.19,
vishing_179.wav,3차-(9).4차례 신고된 남성 전화금융사기범 음성 1.mpeg-03.wav,exact,101.6,102.28,
vishing_180.wav,4차례 신고된 남성 전화금융사기범 음성 5.mpeg-04.wav,exact,92.89,92.99,
vishing_181.wav,본인께서는 개설여부에 대해 전혀 몰랐었다구요.mp3,exact,58.63,58.67,
vishing_182.wav,3차-(7).5차례 신고된 여성 전화금융사기범 음성 1.mpeg-01.wav,exact,126.7,127.09,
vishing_183.wav,4차례 신고된 남성 전화금융사기범 음성 6.mpeg-04.wav,exact,92.76,92.89,
vishing_184.wav,3차-(16).4차례 신고된 남성 전화금융사기범 음성 8.mpeg-01.wav,exact,97.83,98.58,
vishing_185.wav,4차례 신고된 남성 전화금융사기범.mp4-01.wav,exact,70.76,70.76,
vishing_186.wav,4차례 신고된 남성 전화금융사기범.mp4-02.wav,exact,39.41,39.41,
vishing_187.wav,4차례 신고된 남성 전화금융사기범.mp4-03.wav,exact,37.8,37.8,
vishing_188.wav,4차례 신고된 남성 전화금융사기범.mp4-04.wav,exact,28.47,28.47,
vishing_189.wav,사례6 ( 2번 신고된 남성 목소리).mpeg-02.wav,exact,94.69,94.93,
vishing_190.wav,"심사과에 얘기해서 대출 승인되도록 약속드릴테니까, 고객님은 나중에 딴 말 하지 마십시오.mp3",exact,118.69,118.96,
vishing_191.wav,vstop_quiz-03.mp4,exact,73.87,74.76,
vishing_192.wav,기존 대출금 일부를 변제해야 저금리로 대출이 가능.mp3,exact,53.02,53.47,
vishing_193.wav,4차례 신고된 여성 전화금융사기범 음성 2.mpeg-01.wav,exact,87.49,87.49,
vishing_194.wav,NEW [대출빙자형 9] ARS로 대출안내를 신청한 피해자에게 대출상품을 안내해 줄 것처럼 속임.mp3,exact,79.78,79.93,
vishing_195.wav,4차례 신고된 여성 전화금융사기범 음성 2.mpeg-03.wav,exact,78.75,78.75,
vishing_196.wav,부산고등검찰청 형사1부_개인정보 유출건이라며 질문.mp3,exact,49.15,49.24,
vishing_197.wav,4차례 신고된 여성 전화금융사기범.mp4-01.wav,exact,26.31,26.31,
vishing_198.wav,4차례 신고된 여성 전화금융사기범.mp4-02.wav,exact,40.52,40.52,
vishing_199.wav,바로 이 목소리 사례3_F.mpeg-03.wav,exact,56.23,56.25,
vishing_200.wav,OO씨는 돈을 받고 통장을 판매한 용의자이십니다.mp3,exact,50.13,50.31,
vishing_201.wav,5번수정.mp4-02.wav,exact,33.18,33.18,
vishing_202.wav,3차-(4).5차례 신고된 남성 전화금융사기범 음성 2.mpeg-02.wav,exact,58.76,58.84,
vishing_203.wav,5번수정.mp4-04.wav,exact,23.12,23.12,
vishing_204.wav,몇가지 확인차 연락을 드렸어요.mp3,exact,70.0,70.5,
vishing_205.wav,3차-(11).4차례 신고된 남성 전화금융사기범 음성 3.mpeg-03.wav,exact,110.81,110.84,
vishing_206.wav,5차례 신고된 남성 전화금융사기범 음성 3.mpeg-04.wav,exact,90.76,91.16,
vishing_207.wav,대본을 읽는 어설픈 그놈.mp3,exact,68.12,68.6,
vishing_208.wav,(통장매매) 사장님께서 안쓰시는 계좌 있으시면 월 400~450만원까지 선지급해드리고 임대하고 있어 연락 드렸습니다.mp3,exact,66.62,66.8,
vishing_209.wav,소환장 보내드릴게요.mp3,exact,80.41,80.59,
vishing_210.wav,3차-(16).4차례 신고된 남성 전화금융사기범 음성 8.mpeg-04.wav,exact,123.19,124.6,
vishing_211.wav,3차-(2).6차례 신고된 남성 전화금융사기범 음성.mpeg-05.wav,exact,65.67,65.88,
vishing_212.wav,금감원 은행조사관 사칭 명의도용 사건.mp3,exact,106.24,106.73,
vishing_213.wav,잠시 시간가능하세요.mp3,exact,67.1,67.32,
vishing_214.wav,시티캐피탈사칭.mp3,exact,107.41,108.72,
vishing_215.wav,3차-(2).6차례 신고된 남성 전화금융사기범 음성.mpeg-02.wav,exact,49.99,50.02,
vishing_216.wav,3차-(14).4차례 신고된 남성 전화금융사기범 음성 6.mpeg-02.wav,exact,71.57,71.72,
vishing_217.wav,출입국 관리 사무국 직원 사칭(여름 휴가철 보이스피싱_1).mp4-01.wav,exact,91.16,91.74,
vishing_218.wav,[정부기관사칭_1단계] 피해자에게 접근.mp3,exact,38.71,38.74,
vishing_219.wav,5차례 신고된 남성 전화금융사기범 음성 4.mpeg-01.wav,exact,84.28,84.28,
vishing_220.wav,5차례 신고된 남성 전화금융사기범 음성 4.mpeg-02.wav,exact,34.17,34.17,
vishing_221.wav,10번_3차례 신고된 남성 전화금융사기범 (음성_10).mp4-03.wav,exact,54.84,54.85,
vishing_222.wav,사건 개요를 말씀드릴게요.mp3,exact,46.79,47.01,
vishing_223.wav,현대캐피탈 자금회수팀입니다. 저희 쪽으로 상환요청이 들어와서 연락드렸습니다.mp3,exact,88.69,89.23,
vishing_224.wav,"에이 OOO아, 토달지 말고 끊어라.mp3",exact,87.55,88.61,
vishing_225.wav,5차례 신고된 남성 전화금융사기범 음성 5.mpeg-02.wav,exact,12.18,12.18,
vishing_226.wav,동문서답 보이스피싱 서울중앙지검사 사칭.mp3,exact,63.82,64.02,
vishing_227.wav,3차-(15).4차례 신고된 남성 전화금융사기범 음성 7.mpeg-04.wav,exact,71.2,71.28,
vishing_228.wav,5차례 신고된 남성 전화금융사기범 음성 5.mpeg-05.wav,exact,25.99,25.99,
vishing_229.wav,6번_3차례 신고된 남성 전화금융사기범 (음성_6).mp4-01.wav,exact,30.64,30.64,
vishing_230.wav,6번_3차례 신고된 남성 전화금융사기범 (음성_6).mp4-02.wav,exact,37.67,37.67,
vishing_231.wav,바로 이 목소리_5차례 신고된 남성 전화금융사기범 음성_2.mpeg-02.wav,exact,41.81,41.87,
vishing_232.wav,수사관 사칭하지만 보이스피싱임을 눈치챔.mp3,exact,44.51,44.61,
vishing_233.wav,6차례 신고된 남성 전화금융사기범 음성 1.mpeg-02.wav,exact,31.4,31.4,
vishing_234.wav,5차례 신고된 남성 전화금융사기범 음성 1.mpeg-04.wav,exact,67.82,68.12,
vishing_235.wav,들어보신 적 없으시다고요_ 아 알겠습니다.mp3,exact,65.23,65.33,
vishing_236.wav,3차-(7).5차례 신고된 여성 전화금융사기범 음성 1.mpeg-03.wav,exact,56.65,56.77,
vishing_237.wav,6차례 신고된 남성 전화금융사기범 음성 2.mpeg-06.wav,exact,65.88,65.97,
vishing_238.wav,15번_3차례 신고된 남성 전화금융사기범 (음성_15).mp4-02.wav,exact,43.7,43.8,
vishing_239.wav,바로 이 목소리 사례2_F.mpeg-02.wav,exact,47.65,47.66,
vishing_240.wav,택배 업체를 사칭하여 대포통장 및 인출책 모집.mp3,exact,89.59,89.76,
vishing_241.wav,입출금 가능한 계좌 임대 요청 (한달에 300만원).mp3,exact,54.59,54.7,
vishing_242.wav,6차례 신고된 남성 전화금융사기범 음성 1.mpeg-01.wav,exact,44.37,44.51,
vishing_243.wav,OO저축은행 본사 변제과의 △△△ 팀장님 계좌(실제로는 미리 확보해둔 대포통장)입니다. 이 계좌로 원금 380만원을 상환하셔야 납부하셨다는 서류가 발급됩니다..mp3,exact,65.97,66.46,
vishing_244.wav,3차-(14).4차례 신고된 남성 전화금융사기범 음성 6.mpeg-01.wav,exact,76.52,76.55,
vishing_245.wav,OO저축은행 자금회수팀 OOO팀장입니다..mp3,exact,76.35,76.49,
vishing_246.wav,6차례 신고된 남성 전화금융사기범 음성 3.mpeg-06.wav,exact,48.65,48.65,
vishing_247.wav,부모님을 납치했다고 협박하는 사기전화.mp3,exact,58.17,58.17,
vishing_248.wav,6차례 신고된 남성 전화금융사기범 음성 1.mpeg-05.wav,exact,56.26,56.65,
vishing_249.wav,바로 이 목소리_4차례 신고된 남성 전화금융사기범 음성_1.mpeg-01.wav,exact,48.65,49.09,
vishing_250.wav,농협직원한테 걸려온 검찰사칭 보이스피싱.mp3,exact,55.8,55.69,
vishing_251.wav,7master.mp4-02.wav,exact,39.8,39.8,
vishing_252.wav,바로 이 목소리_5차례 신고된 남성 전화금융사기범 음성_1.mpeg-02.wav,exact,43.45,43.45,
vishing_253.wav,바로 이 목소리_5차례 신고된 남성 전화금융사기범 음성_2.mpeg-04.wav,exact,54.06,54.49,
vishing_254.wav,4차례 신고된 남성 전화금융사기범 음성 7.mpeg-01.wav,exact,58.6,58.63,
vishing_255.wav,8번_3차례 신고된 남성 전화금융사기범 (음성_8).mp4-03.wav,exact,35.2,35.2,
vishing_256.wav,3차-(12).4차례 신고된 남성 전화금융사기범 음성 4.mpeg-02.wav,exact,42.48,42.56,
vishing_257.wav,9번_3차례 신고된 남성 전화금융사기범 (음성_9).mp4-02.wav,exact,38.81,38.81,
vishing_258.wav,9번_3차례 신고된 남성 전화금융사기범 (음성_9).mp4-03.wav,exact,30.53,30.53,
vishing_259.wav,3차-(6).5차례 신고된 남성 전화금융사기범 음성 4.mpeg-02.wav,exact,75.78,76.28,
vishing_260.wav,서울지방경찰청이라고요. 제가 그리로 전화할게요.mp3,concat_part,693.55,383.64,raw clip 1/3 concatenated
vishing_260.wav,(피해자가 보유한 자산이 없자) 일단 OOO씨 사건은 여기서 종결짓도록 하겠습니다.mp3,concat_part,693.55,278.82,raw clip 2/3 concatenated
vishing_260.wav,본인 직업이 어떻게 되세요.mp3,concat_part,693.55,40.48,raw clip 3/3 concatenated
vishing_261.wav,검찰청사칭.mp3,exact,320.47,320.64,
vishing_262.wav,사용하시는 금융권 상호명만 알려주세요.mp3,exact,226.95,227.04,
vishing_263.wav,NEW [대출빙자형 4] 햇살론을 받기 위하여 피해자의 기존 대출을 일부 상환해야 한다고 유도.mp3,exact,524.85,524.85,
vishing_264.wav,NEW [대출빙자형 5] 사금융 대환대출 명목으로 피해자의 무통장입금 유도.mp3,exact,460.2,460.25,
vishing_265.wav,서울남부지검 증권범죄합동수사단 김민정수사관 사칭.mp3,exact,283.13,285.07,
vishing_266.wav,NEW [대출빙자형 7] 편법을 통해 피해자 신용평점을 상향시키기 위한 대출상환 요구-ⓑ.mp3,exact,438.78,438.78,
vishing_267.wav,NEW [대출빙자형 8] (ARS) 정부지원자금으로 대환하고 싶으면 안내를 받도록 유인.mp3,exact,13.69,13.69,
vishing_268.wav,3차-(13).4차례 신고된 남성 전화금융사기범 음성 5.mpeg-01.wav,exact,79.89,80.12,
vishing_269.wav,바로 이 목소리_5차례 신고된 남성 전화금융사기범 음성_2.mpeg-05.wav,exact,42.19,42.21,
vishing_270.wav,NR0079_검찰사칭 [착한 피해자에게 걸려온 검찰 사칭 보이스피싱].mp4-01.wav,exact,181.41,181.41,
vishing_271.wav,NR0137_ 검찰사칭  [검찰수사관 사칭 횡설수설 보이스피싱].mp4-01.wav,exact,224.57,224.57,
vishing_272.wav,OOO 팀장 계좌로 상환하시면 됩니다.mp3,exact,66.73,66.82,
vishing_273.wav,OO금융입니다. 신용카드 이용 중이시면 신용카드 한도 범위 내에서 대출 가능합니다..mp3,exact,155.53,155.61,
vishing_274.wav,OO씨 명의로 된 대포통장이 발견되었다.mp3,exact,126.43,125.9,
vishing_275.wav,대포통장으로 신고되셨다고요_ 고객님 다른 사람한테서 돈 받으신거 없으시잖아요 다 저희가 송금해드린겁니다.mp3,exact,50.52,50.55,
vishing_276.wav,OO씨는 지금 사기 및 전자금융거래법 위반으로 확인되시네요.mp3,offset_corrected,567.51,565.13,metadata bias ~2.45s
vishing_277.wav,사례9 ( 2번 신고된 여성 목소리).mpeg-02.wav,exact,46.0,46.24,
vishing_278.wav,5차례 신고된 남성 전화금융사기범 음성 1.mpeg-05.wav,exact,66.39,66.62,
vishing_279.wav,6차례 신고된 남성 전화금융사기범 음성 3.mpeg-01.wav,exact,76.49,76.52,
vishing_280.wav,현재 이용하시는 고금리 대출 상품들 저금리 전환 가능하세요. 현재 이용하시는 고금리 대출이 얼마정도 되시나요.mp3,exact,78.9,79.75,
vishing_281.wav,서울중앙지검 금융범죄 수사팀 사칭.mp3,offset_corrected,377.18,374.71,metadata bias ~2.45s
vishing_282.wav,OO캐피탈 보증보험상품입니다. 서울보증보험에 보증료를 납부하셔도 나중에 돌려드려요.mp3,exact,1022.93,1023.01,
vishing_283.wav,6차례 신고된 남성 전화금융사기범 음성 2.mpeg-05.wav,exact,44.2,44.37,
vishing_284.wav,SC저축은행 햇살론 안내센터라며 대출 권유 (SC저축은행은 존재하지 않는 금융회사입니다.).mp3,exact,14.08,14.08,
vishing_285.wav,6차례 신고된 남성 전화금융사기범 음성 3.mpeg-04.wav,exact,57.45,58.17,
vishing_286.wav,UCC_[사이버경찰청_수사관_사칭_감기오셨어요_부산사나이의_화끈한_대처법].mp4-01.wav,exact,237.66,237.66,
vishing_287.wav,UCC_[이벤트행사_통장한개당_300만원_제안].mp4-01.wav,exact,32.14,32.14,
vishing_288.wav,[NEW] 검찰사칭 현금수취형 보이스피싱.mp3,exact,147.15,147.15,
vishing_289.wav,UCC_[농협직원한테_걸려온_검찰사칭_보이스피싱].mp4-01.wav,exact,57.43,57.45,
vishing_290.wav,3차-(14).4차례 신고된 남성 전화금융사기범 음성 6.mpeg-03.wav,exact,86.26,86.35,
vishing_291.wav,[대출사기 1단계] 피해자에게 접근 2.mp3,exact,41.54,41.61,
vishing_292.wav,vstop_quiz-05.mp4,exact,49.24,49.26,
vishing_293.wav,[대출사기 2단계] 개인정보 탈취 시도.mp3,exact,32.97,32.89,
vishing_294.wav,[대출사기 3단계] 심리적 압박 및 신뢰 형성.mp3,exact,40.2,40.11,
vishing_295.wav,[대출사기 4단계] 피해자 안심시키기.mp3,exact,22.78,22.73,
vishing_296.wav,4차례 신고된 여성 전화금융사기범.mp4-03.wav,exact,56.22,56.23,
vishing_297.wav,[대포통장 모집] 1일 출금한도 600만원으로 설정한 부분에 대해 저희가 내부절차금액을 통해 입금을 했다 출금을 하는 방식으로 확인하는 것입니다..mp3,exact,58.72,58.8,
vishing_298.wav,[대포통장 모집] 카지노 업계는 계좌이체를 했을 경우에 거래내역이 발생하면 안되기 때문에 현금전달을 원칙으로 합니다. 일을 하게 되면 계좌번호와 비밀번호를 알려주세요.mp3,exact,848.99,849.06,
vishing_299.wav,"[사기 시나리오 1,2,3단계] 가짜사이트에서 서류 작성 유도.mp3",offset_corrected,1711.23,1704.05,metadata bias ~2.45s
vishing_300.wav,"[사기 시나리오 1,2,3단계] 검사사칭 가짜사이트 유도 등.mp3",offset_corrected,3664.67,3649.28,metadata bias ~2.45s
vishing_301.wav,"[사기 시나리오 2,3단계] xpo-hjv.com으로 접속하세요.mp3",offset_corrected,892.53,890.48,metadata bias ~2.45s
vishing_302.wav,"[사기 시나리오 2,3단계] 가짜사이트 유도후 작업.mp3",offset_corrected,1806.6,1799.02,metadata bias ~2.45s
vishing_303.wav,"[사기 시나리오 2,3단계] 검사사칭 가짜사이트 금융정보 물어보고, 은행으로 유인.mp3",exact,3109.3,3109.3,
vishing_304.wav,"[사기 시나리오 2,3단계] 검찰사칭 안전조치 언급_은행에서 이체한도 조회.mp3",offset_corrected,2373.51,2363.55,metadata bias ~2.45s
vishing_305.wav,"[사기 시나리오 2,3단계] 공인인증서 폐기시키겠습니다..mp3",offset_corrected,2134.65,2125.69,metadata bias ~2.45s
vishing_306.wav,중앙지검 수사관 및 검사 사칭.mp3,concat_part,1465.65,614.01,raw clip 1/3 concatenated
vishing_306.wav,몇가지 질문하고 바로 본론으로 들어가겠습니다.mp3,concat_part,1465.65,536.9,raw clip 2/3 concatenated
vishing_306.wav,당신 명의로된 대량의 대포통장이 발견되었다.mp3,concat_part,1465.65,335.41,raw clip 3/3 concatenated
vishing_307.wav,NEW [대출빙자형 1] 서민 정부지원대출을 권유하면서 신용보증서 발급비용 요구.mp3,exact,691.15,692.51,
vishing_308.wav,[사기 시나리오 3단계] ATM계좌 이체한도 초과2.mp3,exact,308.24,306.95,
vishing_309.wav,3차-(6).5차례 신고된 남성 전화금융사기범 음성 4.mpeg-03.wav,exact,109.37,109.59,
vishing_310.wav,[정부기관사칭 5단계] 금전 편취 시도.mp3,exact,22.42,22.42,
vishing_311.wav,[정부기관사칭 6단계] 은행 창구 직원의 피싱 예방 확인 회피.mp3,exact,22.56,22.56,
vishing_312.wav,5차례 신고된 남성 전화금융사기범 음성 3.mpeg-05.wav,exact,38.66,38.71,
vishing_313.wav,[정부기관사칭_2단계] 심리적 압박 및 주변 도움 차단.mp3,exact,15.4,15.4,
vishing_314.wav,[정부기관사칭_3단계] 피해자 안심시키기1(동종전과도 없고 신분이 확실하나 피해자 입증이 필요하다).mp3,exact,20.65,20.65,
vishing_315.wav,[정부기관사칭_3단계] 피해자 안심시키기2(사건 담당 검사님께 연결해 드리겠습니다).mp3,exact,28.43,28.43,
vishing_316.wav,[정부기관사칭_4단계] 계좌 현황 파악.mp3,exact,28.2,28.2,
vishing_317.wav,6차례 신고된 남성 전화금융사기범 음성 2.mpeg-04.wav,exact,54.51,54.59,
vishing_318.wav,11번수정.mp4-02.wav,exact,59.85,60.11,
vishing_319.wav,서울중앙지검_본인명의의 대포통장 발견됐다며 작업.mp3,exact,74.76,74.76,
vishing_320.wav,vstop_quiz-04.mp4,exact,63.77,63.78,
vishing_321.wav,3차-(15).4차례 신고된 남성 전화금융사기범 음성 7.mpeg-01.wav,exact,49.26,49.39,
vishing_322.wav,가승인 한도와 금리 산출 완료되었습니다. 심사과에서 최종 승인 결정되면 고객님 거주 지역에서 현금인구유동이 가장 많은 지점으로 배정해드릴 예정입니다.mp3,exact,273.84,273.43,
vishing_323.wav,(대출빙자형) 영업점에선 절 모를수도있어요_.mp3,exact,103.65,103.36,
vishing_324.wav,개인정보가 될 만한거 분실하신적 있으세요.mp3,exact,138.71,138.13,
vishing_325.wav,"개인정보나 주민등록번호, 금품을 요구하지 않습니다.mp3",exact,674.08,674.14,
vishing_326.wav,정말 억울한 개인정보 피해자라고 생각하시면.mp3,split_part,619.52,786.89,part 1/2 of raw recording
vishing_327.wav,개인정보보호법에 따라 주민등록번호 등을 묻지 않습니다.mp3,exact,431.75,431.83,
vishing_328.wav,거짓말하시면 가중 처벌 될 수 있어요.mp3,exact,739.81,739.81,
vishing_329.wav,통장 본인께서 직접판매하셨나요.mp3,exact,542.67,544.18,
vishing_330.wav,검거 현장에서 귀하의 명의로 된 대포통장을 압수했다.mp3,exact,37.22,37.3,
vishing_331.wav,(대출을 취소하겠다고 하자) 고객님 본인 취소 건이기 때문에 입금하신 돈을 환급받으시려면 최소 일주일을 기다리셔야 합니다.mp3,exact,217.23,217.76,
vishing_332.wav,검사님께 사건번호랑 성함 불러주세요.mp3,offset_corrected,531.36,529.13,metadata bias ~2.45s
vishing_333.wav,최근 3년내에 개인정보가 들어있는 물건을 타인에게 빌려준적.mp3,exact,343.93,344.7,
vishing_334.wav,검사사칭_금융권 모르게 계좌추적하겠습니다.mp3,exact,1254.66,1254.66,
vishing_335.wav,4차례 신고된 남성 전화금융사기범 음성 7.mpeg-04.wav,exact,96.5,97.83,
vishing_336.wav,4차례 신고된 남성 전화금융사기범 음성 2.mpeg-03.wav,exact,63.5,63.57,
vishing_337.wav,"검찰수사관 사칭하며 불법도박, 약식수사 등 전문용어 술술.mp3",offset_corrected,526.81,524.6,metadata bias ~2.45s
vishing_338.wav,NEW [대출빙자형 2] 정부지원자금 대출을 받기 위한 공증서 발급비용 요구.mp3,exact,319.95,320.47,
vishing_339.wav,검찰청수사관 및 검사 사칭.mp3,exact,344.95,345.7,
vishing_340.wav,구직사이트를 통해 대포통장을 개설하는 아르바이트 모집2.mp3,exact,90.23,90.49,
vishing_341.wav,경매대행 업체를 사칭하여 대포통장 및 인출책 모집.mp3,exact,80.69,80.69,
vishing_342.wav,서울 관악구 불법금융 인출조직을 검거했습니다.mp3,exact,116.79,116.8,
vishing_343.wav,경찰을 사칭하며 명의도용사건 조사.mp3,exact,244.9,243.87,
vishing_344.wav,경찰청인데요. 본인앞으로 고소된 사건이 있어 연락드렸어요.mp3,exact,257.02,255.94,
vishing_345.wav,3차-(8).5차례 신고된 여성 전화금융사기범 음성 2.mpeg-01.wav,exact,98.93,99.36,
vishing_346.wav,계좌양도 혐의자 신분으로 조사.mp3,offset_corrected,1420.98,1415.02,metadata bias ~2.45s
vishing_347.wav,계좌추적을 통해서 본인이 피해자임을 증명을 할 수 가 있는거구요.mp3,offset_corrected,1887.09,1879.16,metadata bias ~2.45s
vishing_348.wav,본인명의 대포통장이 발견.mp3,exact,103.65,104.75,
vishing_349.wav,고객님 소득만을 담보로 진행되는 대출이기 때문에 고객님 소득에 대한 1차적인 추심 권한을 저희 햇살저축은행에 부여하기 위해 공증 절차를 진행하는 것입니다.mp3,exact,521.1,521.17,
vishing_350.wav,"고객님 전용 주소인 125.230.101.94로 접속하셔서 앱 다운로드하세요. 무서류, 무방문 대출이라 모바일 앱으로만 대출 진행합니다.mp3",exact,468.16,468.24,
vishing_351.wav,고객님 최근에 OO저축은행에서 대출받으신 내역을 확인하고 연락드렸어요. 저희 회사에서 정부지원자금으로 마련된 저금리 대출상품이 있는데 사용해보시라고 전화드렸어요.mp3,exact,66.59,66.66,
vishing_352.wav,정말 억울한 개인정보 피해자라고 생각하시면.mp3,split_part,155.81,786.89,part 2/2 of raw recording
vishing_353.wav,3차-(1).16차례 신고된 남성 전화금융사기범 음성.mpeg-02.wav,exact,27.1,27.12,
vishing_354.wav,고객님께서 다른 금융회사에서 대출문의하신 것이 부결나셔서 저희 이벤트상품을 안내드리고자 연락드렸습니다.mp3,exact,22.49,22.49,
vishing_355.wav,고객님께서 보유 중이신 채무 일부를 직접 상환처리하시면 조건부 대출 승인 가능합니다.mp3,exact,242.21,242.29,
vishing_356.wav,"사기범들이 본인 명의로 대출해나갈 수도 있으니 최대 한도 내에서 대출을 받으세요. 금융회사 직원이 대출 목적이 무엇인지 묻는것은 정상적이지 않은 것이니, 그 불량직원이 눈치채지 못하도록 적당히 둘러대세요..mp3",exact,288.18,289.1,
vishing_357.wav,전산상 대출 가능조건을 만든다는 명목으로 선입금을 요구.mp3,exact,199.39,199.42,
vishing_358.wav,고객님께서는 OO머니 대출은 이미 상환처리하셨으니 앞으로는 OO머니에서 오는 연락은 받지 마세요.mp3,exact,494.61,494.68,
vishing_359.wav,(대출빙자 및 통장매매 등)OO캐피탈입니다. 심사결과 확인되어서 연락드렸습니다._.mp3,exact,383.52,383.62,
vishing_360.wav,당황하셔서 말더듬는거 아니세요.mp3,offset_corrected,228.97,225.22,metadata bias ~2.45s
vishing_361.wav,고객님이 부채 한도가 초과되어 초과된 만큼 기존 대출을 상환하셔야 합니다. 기존 대출 상환하시면 6500만원까지 확실히 대출 나갑니다.mp3,exact,450.14,450.22,
vishing_362.wav,고금리 대출 부채를 보유하신 분들 대상으로 대환대출 권유 ARS 전화를 드리고 있습니다.mp3,exact,160.45,160.52,
vishing_363.wav,구직사이트를 통해 대포통장을 개설하는 아르바이트 모집1.mp3,exact,212.38,212.38,
vishing_364.wav,사례5 ( 2번 신고된 남성 목소리).mpeg-02.wav,exact,90.49,90.54,
vishing_365.wav,국민은행 직원 OOO씨를 아십니까.mp3,exact,137.74,137.82,
vishing_366.wav,국민행복기금에서 지원하는 마이너스통장상품입니다.mp3,exact,463.59,463.67,
vishing_367.wav,안전계좌로 돈을 옮기고 동결처리했다.mp3,offset_corrected,249.52,246.24,metadata bias ~2.45s
vishing_368.wav,귀하의 계좌가 중고OO 사기에 이용되었습니다.mp3,exact,1357.48,1357.56,
vishing_369.wav,"귀하의 재산을 국가보안안전계좌에 등록해야 하니, 지금 파견나가신 금감원 직원분께 현금을 인계하십시오.mp3",offset_corrected,3281.35,3273.81,metadata bias ~2.45s
vishing_370.wav,대출처리를 위해 인지세 납부 후 인지증서를 받아 세무서에 가면 환급해 준다고 함.mp3,exact,32.0,32.03,
vishing_371.wav,귀하의 현금자산에 대하여 모두 국가안전코드를 부여하여 향후 회수처리 가능하도록 조치하겠다.mp3,exact,1522.37,1522.44,
vishing_372.wav,검거사실에 대해 알려드릴부분이 있어서 연락을 드린겁니다.mp3,exact,217.0,217.23,
vishing_373.wav,5차례 신고된 남성 전화금융사기범 음성 3.mpeg-01.wav,exact,107.18,107.41,
vishing_374.wav,대출 건에 대해서 인지세 110만원이 발생합니다. 혹시 대출 부결되면 인지세는 환급처리되니까 걱정마세요.mp3,exact,152.7,153.23,
vishing_375.wav,금감원_보이스피싱_11_수정07.mp4.wav,exact,206.33,206.33,
vishing_376.wav,금감원_보이스피싱_12_수정07.mp4.wav,exact,176.53,176.53,
vishing_377.wav,"고객님은 상환능력평가 미달로 아쉽게 부결처리되셨습니다. 그런데 제가 다음달에 아주 중요한 진급심사가 있는데, 편법이지만 고객님은 예외 심사 건으로 진행하려 합니다.mp3",exact,228.27,229.04,
vishing_378.wav,금감원에 조회해본 결과 대포통장 확인했구요.mp3,exact,155.67,155.79,
vishing_379.wav,금감원_보이스피싱_3_수정07.mp4.wav,exact,157.83,157.83,
vishing_380.wav,금감원에서 세무대행팀 배정받아서 한것이니 대출 취소하려면 금감원에 전화해서 환급받으세요.mp3,exact,191.8,192.6,
vishing_381.wav,유포할까요_지워드릴까요_한명당 50만원.mp3,exact,173.43,172.02,
vishing_382.wav,금감원_보이스피싱_6_수정08.mp4.wav,exact,161.97,161.97,
vishing_383.wav,지금 계좌추적을 진행합니다.mp3,exact,387.43,388.74,
vishing_384.wav,3차-(12).4차례 신고된 남성 전화금융사기범 음성 4.mpeg-03.wav,exact,63.6,63.77,
vishing_385.wav,금감원_보이스피싱_9_수정06.mp4.wav,exact,35.5,35.5,
vishing_386.wav,고객님. 이부분은 전산삭제해서 받아가셔야 해요.mp3,exact,155.79,155.81,
vishing_387.wav,현장에서 대량의 신용카드와 대포통장이 발견.mp3,exact,192.52,194.03,
vishing_388.wav,금감원의 재산보험신청을 위해 금융감독원을 내방하여 자금에 대한 소명을 해야 합니다.mp3,exact,826.63,826.7,
vishing_389.wav,금융범죄예방교육팀인데요.mp3,exact,20.74,20.66,
vishing_390.wav,37세 서울 사는 OOO씨를 아십니까.mp3,exact,140.8,141.04,
vishing_391.wav,금융지주회사 브랜드 명칭을 언급하며 서민금융을 지원한다고 함.mp3,exact,24.61,24.61,
vishing_392.wav,금일 저희 음성안내메세지를 들으시고 마이너스 통장 문의주신 분 맞으신가요.mp3,exact,305.76,305.84,
vishing_393.wav,피해자 입증 절차를 밟아야 고소 취하됩니다.mp3,exact,125.47,125.67,
vishing_394.wav,바로 이 목소리 사례1_F.mpeg-03.wav,exact,53.47,53.47,
vishing_395.wav,200여명이 연루된 사건입니다.mp3,split_part,131.89,1124.51,part 3/3 of raw recording
vishing_396.wav,김OO 금융사건 1문 1답 조사과정입니다.mp3,offset_corrected,466.18,464.0,metadata bias ~2.45s
vishing_397.wav,납치빙자 F.mp4-01.wav,exact,505.01,505.01,
vishing_398.wav,내년도 초반도에는 신용등급이 빠르게 올라가세요.mp3,exact,148.68,148.68,
vishing_399.wav,본인관련 명의도용사건이 접수되었습니다.mp3,exact,280.79,280.78,
vishing_400.wav,녹취상태로 진행되고 있으니 사실대로 말씀해주세요.mp3,exact,23.14,23.05,
vishing_401.wav,전반 조사과정은 녹취 상태로 진행됩니다 2.mp3,split_part,1134.37,1453.73,part 1/2 of raw recording
vishing_402.wav,농협와 신한은행 통장 개설하신적 있으세요.mp3,offset_corrected,2082.43,2073.69,metadata bias ~2.45s
vishing_403.wav,17번수정.mp4-03.wav,exact,55.93,55.94,
vishing_404.wav,다운로드받으신 보안프로그램이 있으신가요_ 그런건 국가에서 인정하지 않은 개인 보안프로그램이고 우리의 정부 앱과 충돌할 수 있기 때문에 기존에 다운받으신 보안프로그램은 모두 다 삭제해주세요.mp3,exact,2563.97,2564.05,
vishing_405.wav,단속 수사관에게 걸려온 보이스피싱 전화.mp3,exact,327.44,328.16,
vishing_406.wav,단순 명의도용 사건이나 흔하디 흔한 대포통장 사건에 연루되었다고 안일하게 생각하지 마세요.mp3,exact,2848.93,2848.99,
vishing_407.wav,몇가지 확인차 연락드렸는데요.mp3,exact,120.84,120.41,
vishing_408.wav,본인의 출두일정을 알고자.mp3,exact,259.63,259.24,
vishing_409.wav,"저희가 고객님 정보를 알고 연락 드린건 아니고, 이번에 홍보 기간이라 컴퓨터 상 숫자 조합을 해서 연락드리는 겁니다..mp3",exact,121.9,122.88,
vishing_410.wav,대출빙자형 사례 5_사금융 대환대출 명목으로 피해자의 무통장입금 유도.mp4-01.wav,exact,106.18,106.23,
vishing_411.wav,이사람이 전직은행직원인데 사기일당에 가담.mp3,exact,336.82,337.57,
vishing_412.wav,당장 카드 들고 은행가서 단기카드대출 받아서 600만원 정도 뽑아. 만나서 우리는 돈 받고 당신은 애 데리고 가..mp3,exact,202.19,202.19,
vishing_413.wav,서울청 금융범죄수사팀 최민철 수사관이라고 합니다.mp3,exact,226.17,226.3,
vishing_414.wav,(대출사기 ②) 저희 수금 담당자가 OOO씨(실제로는 미리 확보해둔 대포통장) 인데요. 혹시 은행에서 왜 여기로 송금하냐고 하면.mp3,exact,187.59,188.34,
vishing_415.wav,대검찰청 첨단범죄수사과 사칭.mp3,exact,333.24,333.97,
vishing_416.wav,3차-(6).5차례 신고된 남성 전화금융사기범 음성 4.mpeg-01.wav,exact,68.88,69.75,
vishing_417.wav,불법자들 일당을 검거했는데요.mp3,exact,153.16,153.81,
vishing_418.wav,"대출 진행 취소하시면, 기존에 고객님께서 납부하셨던 금액 반환받으시는데 일주일 정도 걸립니다.mp3",exact,137.16,137.25,
vishing_419.wav,장난하시는 것도 아니고 뭐에요 지금. 장난하세요.mp3,exact,150.33,152.08,
vishing_420.wav,대출빙자형 사례 1_서민 정부지원대출을 권유하면서 신용보증서 발급비용 요구.mp4-01.wav,exact,336.49,336.49,
vishing_421.wav,전혀 상관이 없다는걸 입증하시지 못하신다면 본인에게 금융조치.mp3,exact,95.18,95.66,
vishing_422.wav,대출빙자형 사례 3_은행을 사칭하면서 서민금융나들목 상품 명목의 대출을 안내.mp4-01.wav,exact,145.09,145.09,
vishing_423.wav,대출빙자형 사례 4_햇살론을 받기 위하여 피해자의 기존 대출을 일부 상환해야 한다고 유도.mp4-01.wav,exact,227.61,227.61,
vishing_424.wav,5차례 신고된 남성 전화금융사기범 음성 2.mpeg-04.wav,exact,106.23,106.24,
vishing_425.wav,"그러면, 참고인진술로 넣어드릴게요.mp3",offset_corrected,218.42,216.09,metadata bias ~2.45s
vishing_426.wav,금감원_보이스피싱_5_수정07.mp4.wav,exact,173.09,173.43,
vishing_427.wav,돈을 안 준다니 애 심장을 파는 수밖에 없다.mp3,exact,185.07,184.16,
vishing_428.wav,대출사기 사례2_대출사기 전산삭제과정 금감원 모니터링 걸림.mp4-01.wav,exact,166.9,166.9,
vishing_429.wav,4차례 신고된 남성 전화금융사기범 음성 7.mpeg-02.wav,exact,126.41,126.7,
vishing_430.wav,대출심사요령 말씀드릴께요. 자금용도 물어보시면 생활안정자금이라고 답하세요.mp3,exact,1053.98,1054.07,
vishing_431.wav,"대출은 자산관리공사 보증을 전제로 하기 때문에, 자산관리공사 회원가입을 해주셔야 합니다. 제가 보내드리는 링크로 접속하세요.mp3",exact,241.91,241.97,
vishing_432.wav,대출을 받으시고 고객님께 발급되는 대위변제용 전용 계좌에 상환하시면 됩니다.mp3,exact,143.45,143.54,
vishing_433.wav,대출을 위해 공증료를 내셔야 해요. (피해자가 돈이 없다고 하자) 그러시면 계좌에 거래내역을 생성시켜 신용평점을 높이시는 방법도 있어요..mp3,exact,276.76,276.85,
vishing_434.wav,대출을 위해서 신분증 사본과 3개월치 입출금 거래내역서를 보내주셔야 합니다.mp3,exact,50.43,50.52,
vishing_435.wav,대출이 필요하다고 하셔서 우리금융에서 연락드렸습니다.mp3,exact,24.63,24.6,
vishing_436.wav,귀하의 전자금융거래법 위반 관련하여 연락드렸습니다.mp3,exact,32.03,32.08,
vishing_437.wav,대포통장 공개 모집(여름 휴가철 보이스피싱_2).mp4-01.wav,exact,161.91,161.91,
vishing_438.wav,신한금융 사칭 대출권유.mp3,exact,50.55,50.65,
vishing_439.wav,"독서실, 본인 자택을 제외한 곳에서는 데이터, 와이파이를 꺼주시기 바랍니다.mp3",exact,327.34,327.34,
vishing_440.wav,대출사기 사례1_대출사기 전산오류로 선입금 360만원 요구.mp4-01.wav,exact,185.03,185.07,
vishing_441.wav,돈을 일단 검찰쪽에 보내세요.mp3,exact,597.81,597.81,
vishing_442.wav,돌아가신 부모님을 납치했다고 협박하는 사기전화.mp3,exact,11.1,11.1,
vishing_443.wav,동 상품은 연체를 하시거나 고의적으로 상환을 회피하실 경우 고객님의 미래 소득에 대한 추심권한을 부여받고 진행되는 대출상품입니다. 대출 서류 접수를 위해 사업자등록증과 신분증 사본을 보내주세요.mp3,exact,556.98,557.06,
vishing_444.wav,전반 조사과정은 녹취 상태로 진행됩니다.mp3,exact,64.29,64.33,
vishing_445.wav,동일 전과가 없고 별다른 혐의가 없어 유선상 연락했다.mp3,exact,237.22,237.3,
vishing_446.wav,15번_3차례 신고된 남성 전화금융사기범 (음성_15).mp4-01.wav,exact,65.25,65.4,
vishing_447.wav,4차례 신고된 남성 전화금융사기범 음성 4.mpeg-03.wav,exact,115.91,116.05,
vishing_448.wav,금감원_보이스피싱_7_수정08.mp4.wav,exact,386.59,387.43,
vishing_449.wav,많은 피해자들이 발생했습니다.mp3,exact,1127.34,1127.34,
vishing_450.wav,(대포통장 모집) 저희가 고객님 통장에 돈을 넣어 서류상 고객님 채권인 것처럼 만드는 방식으로 통장에 기록을 만들어서 평점을 높이면 빠른 시일 내에 대출이 가능합니다..mp3,exact,886.57,888.27,
vishing_451.wav,vstop_quiz-02.mp4,exact,59.72,59.86,
vishing_452.wav,(2) 법무사 전산만 확인만 되면 자금 수령 가능하십니다.mp3,exact,127.27,127.86,
vishing_453.wav,거짓을 말하거나 숨기시면 불리하게 작용.mp3,exact,539.17,540.39,
vishing_454.wav,"담당자 관리계좌로 보내실 때 다른 문구가 확인되실텐데, 그 문구를 저한테 알려주세요.mp3",exact,120.92,121.9,
vishing_455.wav,바로 이 목소리_6차례 신고된 남성 전화금융사기범 음성.mpeg-01.wav,exact,70.79,71.04,
vishing_456.wav,기존 대출을 반환하시면 됩니다.mp3,exact,131.68,131.97,
vishing_457.wav,미술학원에 간 자녀를 납치했다고 협박하는 사기전화.mp3,exact,39.55,39.55,
vishing_458.wav,바로 본론 말씀드리겠습니다.mp3,offset_corrected,572.32,569.91,metadata bias ~2.45s
vishing_459.wav,바로 이 목소리 사례1_F.mpeg-01.wav,exact,32.16,32.16,
vishing_460.wav,바로 이 목소리 사례1_F.mpeg-02.wav,exact,12.13,12.13,
vishing_461.wav,13번수정.mp4-01.wav,exact,53.47,53.58,
vishing_462.wav,제가 몇번으로 전화하면 되죠.mp3,exact,37.28,37.04,
vishing_463.wav,바로 이 목소리 사례2_F.mpeg-01.wav,exact,38.33,38.33,
vishing_464.wav,사례4 ( 2번 신고된 남성 목소리).mpeg-02.wav,exact,47.66,47.74,
vishing_465.wav,바로 이 목소리 사례2_F.mpeg-03.wav,exact,36.07,36.07,
vishing_466.wav,[대출사기 5단계] 금전편취 시도.mp3,exact,56.06,56.09,
vishing_467.wav,사례7 ( 2번 신고된 여성 목소리).mpeg-01.wav,exact,73.46,73.72,
vishing_468.wav,6차례 신고된 남성 전화금융사기범 음성 3.mpeg-05.wav,exact,56.25,56.26,
vishing_469.wav,[대출사기 1단계] 피해자에게 접근.mp3,exact,49.09,49.13,
vishing_470.wav,바로 이 목소리_4차례 신고된 남성 전화금융사기범 음성_1.mpeg-02.wav,exact,35.1,35.1,
vishing_471.wav,"최근에 저희 회사 대출조건이 좋아졌는데, 대환대출하실 계획 있으신가요_.mp3",exact,35.02,35.03,
vishing_472.wav,14번수정.mp4-03.wav,exact,41.03,41.11,
vishing_473.wav,바로 이 목소리_4차례 신고된 남성 전화금융사기범 음성_2.mpeg-01.wav,exact,31.05,31.05,
vishing_474.wav,바로 이 목소리_4차례 신고된 남성 전화금융사기범 음성_2.mpeg-02.wav,exact,31.82,31.82,
vishing_475.wav,바로 이 목소리_4차례 신고된 남성 전화금융사기범 음성_2.mpeg-03.wav,exact,26.65,26.65,
vishing_476.wav,바로 이 목소리_4차례 신고된 남성 전화금융사기범 음성_2.mpeg-04.wav,exact,32.66,32.66,
vishing_477.wav,바로 이 목소리_5차례 신고된 남성 전화금융사기범 음성_1.mpeg-01.wav,exact,36.28,36.28,
vishing_478.wav,15master.mp4-02.wav,exact,43.45,43.58,
vishing_479.wav,8번_3차례 신고된 남성 전화금융사기범 (음성_8).mp4-02.wav,exact,58.31,58.6,
vishing_480.wav,바로 이 목소리_5차례 신고된 남성 전화금융사기범 음성_1.mpeg-04.wav,exact,33.26,33.26,
vishing_481.wav,바로 이 목소리_5차례 신고된 남성 전화금융사기범 음성_1.mpeg-05.wav,exact,30.46,30.46,
vishing_482.wav,3차-(8).5차례 신고된 여성 전화금융사기범 음성 2.mpeg-04.wav,exact,44.82,45.55,
vishing_483.wav,"저는 서울중앙지검 김진호 수사관인데요, 통화가능하세요.mp3",exact,41.87,41.91,
vishing_484.wav,바로 이 목소리_5차례 신고된 남성 전화금융사기범 음성_2.mpeg-03.wav,exact,40.39,40.39,
vishing_485.wav,vstop_quiz-01.mp4,exact,54.49,54.5,
vishing_486.wav,9번_3차례 신고된 남성 전화금융사기범 (음성_9).mp4-01.wav,exact,42.21,42.48,
vishing_487.wav,5차례 신고된 남성 전화금융사기범 음성 5.mpeg-04.wav,exact,71.04,71.2,
vishing_488.wav,바로 이 목소리_6차례 신고된 남성 전화금융사기범 음성.mpeg-02.wav,exact,24.54,24.54,
vishing_489.wav,3차-(13).4차례 신고된 남성 전화금융사기범 음성 5.mpeg-04.wav,exact,48.44,48.63,
vishing_490.wav,바로 이 목소리_6차례 신고된 남성 전화금융사기범 음성.mpeg-04.wav,exact,26.48,26.48,
vishing_491.wav,3차-(10).4차례 신고된 남성 전화금융사기범 음성 2.mpeg-03.wav,exact,41.33,41.55,
vishing_492.wav,14번수정.mp4-02.wav,exact,46.63,46.71,
vishing_493.wav,"발급비용은 대출금액의 1percent로 확인되었고, 저희가 지정해드리는 법무사 계좌로 보내시면 됩니다.mp3",exact,116.03,116.11,
vishing_494.wav,"방문조사를 받으시면 향후 5년간 방문기록이 남아 향후 이직이나 공무원 준비하실 때 문제가 될 수 있기 때문에, 저희가 편의를 봐드리려고 소환조치를 안하는 겁니다. 그런데 협조를 안 해주신다 하면 그에 대한 처벌을 받으셔야 할 겁니다..mp3",exact,2648.19,2648.27,
vishing_495.wav,피해자가 맞는지 확인이 필요합니다.mp3,exact,135.05,134.83,
vishing_496.wav,아시는 사입니까 모르는 사입니까.mp3,exact,77.27,77.98,
vishing_497.wav,서울지방경찰청 사칭_진짜 경찰같아.mp3,offset_corrected,737.1,732.91,metadata bias ~2.45s
vishing_498.wav,저희는 이미 확정금리로 나왔습니다. 무조건 대출 진행 가능합니다..mp3,exact,117.47,117.63,
vishing_499.wav,제일저축은행을 사칭하면서 방문 상담을 하지 않도록 유도 (제일저축은행은 존재하지 않는 금융회사입니다).mp3,exact,40.65,40.8,
vishing_500.wav,NEW [대출빙자형 6] 편법을 통해 피해자 신용평점을 상향시키기 위한 대출상환 요구-ⓐ.mp3,exact,281.97,283.13,
vishing_501.wav,5번수정.mp4-03.wav,exact,58.67,58.76,
vishing_502.wav,서울청 수사관인데요 본인관련 사건이 있어요.mp3,exact,105.2,104.89,
vishing_503.wav,7master.mp4-01.wav,exact,55.75,55.8,
vishing_504.wav,본인명의가 도용이 되어서 대포통장이 발급이 되었다.mp3,exact,411.51,409.78,
vishing_505.wav,본인의 개인정보가 어떻게 유출되었는지 짐작가는거.mp3,exact,144.64,144.64,
vishing_506.wav,"단시간에 신용평점을 상향시킬 수 있는 방법이 있는데, 채무상환능력평가라는 방법입니다. 채무상환능력평가라는 것은 고객님께서 대출을 발생시키시고 곧바로 일시상환함으로써 자금 상환능력이 있다는 것을 증명하는 방법입니다..mp3",exact,260.34,258.41,
vishing_507.wav,본인인증을 직접 하셔야 해서 저희가 홈페이지 IP주소를 따로 불러드리는거에요.mp3,exact,136.3,136.39,
vishing_508.wav,바로 이 목소리_5차례 신고된 남성 전화금융사기범 음성_1.mpeg-03.wav,exact,58.17,58.31,
vishing_509.wav,"부모님이 물어보셔도 발설하지 마시고, 아는 선배랑 통화중이라고 대답하세요.mp3",exact,1555.67,1555.67,
vishing_510.wav,부산고검사칭하며 명의도용사건 조사.mp3,exact,165.33,164.64,
vishing_511.wav,4차례 신고된 여성 전화금융사기범 음성 2.mpeg-04.wav,exact,49.14,49.15,
vishing_512.wav,부산고등검찰청 형사1부_단순사항때문에 연락한건 아니다.mp3,exact,211.12,210.24,
vishing_513.wav,저희가 조사자의 시간을 맞춰줄 수는 없다.mp3,exact,497.58,498.11,
vishing_514.wav,불법도박 금융사기단 일당을 검거했다.mp3,exact,421.77,421.77,
vishing_515.wav,불법도박 금융사기집단을 검거했습니다.mp3,exact,401.66,399.97,
vishing_516.wav,음성녹취자료는 자필서명과 동일한 효력을 지닙니다.mp3,exact,153.81,154.91,
vishing_517.wav,서울중앙지검 첨단범죄사기팀 및 금감원 사칭.mp3,exact,295.47,293.94,
vishing_518.wav,15master.mp4-03.wav,exact,47.2,47.24,
vishing_519.wav,본인명의가 도용이 되어 형사사건에 연루.mp3,exact,55.3,55.51,
vishing_520.wav,사기 및 전자금융거래법 위반으로 고소가 들어왔어요.mp3,offset_corrected,579.06,576.63,metadata bias ~2.45s
vishing_521.wav,사기건으로 조사할게 있어 전화했다.mp3,offset_corrected,783.83,780.54,metadata bias ~2.45s
vishing_522.wav,[사기 시나리오 3단계] ATM계좌 이체한도 초과1.mp3,split_part,289.02,688.25,part 2/2 of raw recording
vishing_523.wav,사기범이 귀하의 개인정보를 이용하여 카드대출을 받을 수 있으니 본인이 먼저 한도 범위내에서 카드대출 받으세요. 대출 상담 과정에서 불량직원이 대출용도를 물어보면 요령껏 대답하세요.mp3,exact,596.43,596.51,
vishing_524.wav,서울중앙지검 첨단범죄수사1팀 사칭.mp3,exact,233.59,234.27,
vishing_525.wav,본 사건이 전국적으로 180여명이 연루된 광범위한 사건.mp3,exact,76.57,76.95,
vishing_526.wav,15번_3차례 신고된 남성 전화금융사기범 (음성_15).mp4-03.wav,exact,47.74,47.87,
vishing_527.wav,사례5 ( 2번 신고된 남성 목소리).mpeg-01.wav,exact,21.45,21.45,
vishing_528.wav,5차례 신고된 남성 전화금융사기범 음성 1.mpeg-03.wav,exact,90.54,90.76,
vishing_529.wav,사례6 ( 2번 신고된 남성 목소리).mpeg-01.wav,exact,28.05,28.05,
vishing_530.wav,4차례 신고된 남성 전화금융사기범 음성 5.mpeg-02.wav,exact,94.93,94.99,
vishing_531.wav,4차례 신고된 여성 전화금융사기범 음성 1.mpeg-03.wav,exact,73.72,73.87,
vishing_532.wav,사례7 ( 2번 신고된 여성 목소리).mpeg-02.wav,exact,34.62,34.62,
vishing_533.wav,최근에 대출받기 위해서 서류로 신청하신 적 있으신가요_ 없으시면 대출 진행 가능하십니다.mp3,exact,82.19,82.76,
vishing_534.wav,3차-(1).16차례 신고된 남성 전화금융사기범 음성.mpeg-09.wav,exact,51.83,52.07,
vishing_535.wav,사례9 ( 2번 신고된 여성 목소리).mpeg-01.wav,exact,39.61,39.61,
vishing_536.wav,바로 이 목소리_6차례 신고된 남성 전화금융사기범 음성.mpeg-06.wav,exact,46.24,46.63,
vishing_537.wav,200여명이 연루된 사건입니다.mp3,split_part,793.26,1124.51,part 1/3 of raw recording
vishing_538.wav,"사용료는 처음에는 하루에 18만원씩, 하루하루 보내드려요.mp3",exact,1029.93,1028.39,
vishing_539.wav,금감원_보이스피싱_1_수정08.mp4.wav,exact,228.0,228.27,
vishing_540.wav,사원번호 --- OOO 상담사는 △△△ 고객님의 동의 하에 대리접수 진행하도록 하겠습니다.mp3,exact,519.24,518.04,
vishing_541.wav,사이버경찰청 수사관 사칭_부산사나이 화끈한 보이스피싱 대처법.mp3,exact,263.47,263.47,
vishing_542.wav,상담원 이름을 묻자 대답하지 않음.mp3,exact,20.56,20.56,
vishing_543.wav,200여명이 연루된 사건입니다.mp3,split_part,200.1,1124.51,part 2/3 of raw recording
vishing_544.wav,서류 필요없는 카드대출을 권유하면서 회사를 밝히지 않음.mp3,exact,21.92,21.92,
vishing_545.wav,서민금융통합지원센터에 대출 접수 이관 후 한국자산관리공사에서 심사 완료되면 대출금 수령 가능합니다-1.mp3,exact,301.48,300.79,
vishing_546.wav,검사님이 공문 열람시켜 줄 것입니다.mp3,exact,340.79,342.48,
vishing_547.wav,본인 신용상에 문제가 되는 부분이구요.mp3,exact,117.29,117.47,
vishing_548.wav,서울지방경찰청 사칭_본인의사 상관없이 동결처리 됩니다.mp3,exact,286.28,286.32,
vishing_549.wav,서울신용보증기금에서 보증서를 발급받아서 대출해드립니다.mp3,exact,80.55,80.64,
vishing_550.wav,OO캐피탈 보안모듈 관련 전자계약서를 모바일 링크로 보내드렸습니다..mp3,exact,376.29,377.26,
vishing_551.wav,피해자 입증이 완료될 때까지 사무실에 출근하지 마시고 몸이 아프다고 하고 자택에 있으시기 바랍니다.mp3,exact,147.7,148.01,
vishing_552.wav,불법현장에서 본인명의의 통장 발견.mp3,exact,295.18,294.23,
vishing_553.wav,저희가 동결처리 해드릴거구요.mp3,offset_corrected,235.26,232.14,metadata bias ~2.45s
vishing_554.wav,3차-(11).4차례 신고된 남성 전화금융사기범 음성 3.mpeg-02.wav,exact,75.08,75.22,
vishing_555.wav,서울중앙지검_본인명의의 대포통장 발견됐다며 작업1.mp3,exact,75.08,74.76,
vishing_556.wav,고객님께서 쓰시는 통장을 연계해서 마이너스 통장을 발급해드리고 있습니다. 현재 이용하시는 계좌번호를 불러주세요..mp3,exact,287.53,288.26,
vishing_557.wav,본인 계좌정보 동결처리하겠습니다.mp3,exact,736.0,734.0,
vishing_558.wav,지난 8월에 김민수일당을 검거했는데요.mp3,exact,430.73,430.3,
vishing_559.wav,"만약에 원래 기존 (법인)상환계좌로 입금하시면, 중도상환이 되어 버리기 때문에, 가상계좌로 상환을 진행한 것입니다.mp3",exact,385.25,386.66,
vishing_560.wav,NEW [대출빙자형 3] 은행을 사칭하면서 서민금융나들목 상품 명목의 대출을 안내.mp3,exact,226.3,226.95,
vishing_561.wav,서울청 김연아 수사관인데요_2200만원 불법자금 기록이 있구요.mp3,exact,1673.74,1673.74,
vishing_562.wav,담당자관리계좌로 상환하신 후에 저희 쪽으로 연락주시면 상환 내용 확인해서 OO은행 쪽으로 완납결제서류 발송하도록 하겠습니다.mp3,exact,105.33,106.18,
vishing_563.wav,7master.mp4-03.wav,exact,42.84,43.45,
vishing_564.wav,"선생님도 아시겠지만, 녹취상태는 증거자료로 제출.mp3",exact,543.69,544.87,
vishing_565.wav,소비자금융권에서 대출을 받으시면 제1금융권에서 대환대출하실 수 있으세요.mp3,exact,465.4,465.48,
vishing_566.wav,(피해자에게 돈을 구하라고 한 후) 월요일날 다시 예약을 잡아드리겠습니다.mp3,exact,80.93,81.06,
vishing_567.wav,최근에 지인분께 은행카드 양도하신적.mp3,exact,352.18,352.24,
vishing_568.wav,바로 이 목소리_5차례 신고된 남성 전화금융사기범 음성_2.mpeg-01.wav,exact,44.8,44.82,
vishing_569.wav,수사관사칭 금융범죄실명법 언급하며 고압적 언행.mp3,exact,170.48,169.76,
vishing_570.wav,수사기관 사칭_ 압수수색과정중에 본인 명의로 된 대포통장이 발견.mp3,exact,327.86,326.49,
vishing_571.wav,수사기관사칭.mp3,exact,179.36,178.6,
vishing_572.wav,[검찰사칭] 잠시 자리 이동해서 통화 가능하세요.mp3,exact,84.32,86.26,
vishing_573.wav,(대포통장 명의인으로 신고된 제보자가 전화해서 담당자 바꿔달라고 하자) OOO대리 오늘자로 퇴사하셨는데요..mp3,exact,158.93,159.11,
vishing_574.wav,[사기 시나리오 3단계] 검찰사칭 은행으로 이동시킴.mp3,exact,108.49,108.9,
vishing_575.wav,신용관리 명목으로 비용을 요구.mp3,exact,291.24,291.24,
vishing_576.wav,"신용도가 좀 낮아서, 신용도만 조금 상향되시면 보증서 발급 후 저희 쪽 대출 이용하실 수 있을 것 같습니다. 신용도를 상향하시려면, 당일 대출을 받으신 직후에 바로 상환하셔서 대출 상환 내역을 만드시면 돼요..mp3",exact,263.52,263.6,
vishing_577.wav,신용등급 상향을 위해 변제명목으로 입금을 유도.mp3,exact,324.26,324.26,
vishing_578.wav,"신용평점 상향을 위해 강제 채권 상환 절차를 진행하셨는데, 코드 번호 걸고 하는 중대한 문제여서 중도에 멈추시면 저한테 페널티가 옵니다.mp3",offset_corrected,1576.75,1573.13,metadata bias ~2.45s
vishing_579.wav,"앱 프로그램을 삭제하면 기존에 작성된 신청서가 모두 삭제돼서, 다시 작성해주셔야 할 것 같습니다. 홈페이지 링크 다시 보내드리도록 하겠습니다..mp3",exact,128.31,129.07,
vishing_580.wav,"(검찰사칭, 침착대응)본인과 연루된 불법 명의도용사건이 검찰에 접수되어 연락드렸습니다 중고나라 몇번 게시물이에요_.mp3",exact,160.1,160.15,
vishing_581.wav,신종 사기 농협직원 가장한 금융사기.mp3,exact,413.83,413.83,
vishing_582.wav,3차-(17).4차례 신고된 남성 전화금융사기범 음성 9.mpeg-04.wav,exact,50.65,50.7,
vishing_583.wav,실적을 내야 해서 편법이지만 대출해드리는거다.mp3,exact,408.93,409.0,
vishing_584.wav,실제 대출광고인 것처럼 ARS를 이용하여 대출영업.mp3,exact,22.52,22.52,
vishing_585.wav,실제 존재하지 않는 금융회사를 사칭.mp3,exact,32.68,32.68,
vishing_586.wav,단순한 사항때문에 연락드린건 아니구요.mp3,exact,118.89,120.34,
vishing_587.wav,제가 고객님을 가까운 지인 등록해두었기 때문에 인지세 납부하실 필요 없습니다.mp3,exact,78.32,78.69,
vishing_588.wav,아저씨가 니 동생 손가락 자르고 눈알 파버리고 동영상 찍어서 너한테 넣어줄게 똑똑히 쳐다봐라.mp3,exact,207.7,207.78,
vishing_589.wav,지금인터넷뱅킹은 사용안하시는 겁니까.mp3,exact,247.28,247.46,
vishing_590.wav,3차-(9).4차례 신고된 남성 전화금융사기범 음성 1.mpeg-01.wav,exact,129.07,129.32,
vishing_591.wav,약식조사 실시를 위해 연락드렸다.mp3,exact,143.62,143.62,
vishing_592.wav,어떤 부분에서 저희가 신뢰가 안간다는 말씀이십니까.mp3,exact,302.14,302.21,
vishing_593.wav,언제 통화가능하세요.mp3,exact,21.13,21.05,
vishing_594.wav,3차-(13).4차례 신고된 남성 전화금융사기범 음성 5.mpeg-03.wav,exact,99.81,101.0,
vishing_595.wav,5차례 신고된 남성 전화금융사기범 음성 4.mpeg-05.wav,exact,88.54,88.69,
vishing_596.wav,여기는 서울중앙지검이에요.mp3,exact,29.54,29.42,
vishing_597.wav,여신금융협회로 이관 처리를 하여 만기상환 처리했다고 전산 반영하기 위해 담당 주무관의 개인 계좌로 상환하는 것입니다.mp3,exact,726.2,726.28,
vishing_598.wav,4차례 신고된 남성 전화금융사기범 음성 6.mpeg-03.wav,exact,101.12,101.6,
vishing_599.wav,생년월일이 OOOO년 OO월O일 맞으시죠.mp3,exact,199.21,199.26,
vishing_600.wav,우리금융 사칭 - 금융지주회사는 대출을 하지 않음.mp3,exact,13.61,13.61,
vishing_601.wav,"우리금융인데, 필요하신 자금 있으신가 해서 연락드렸습니다.mp3",exact,163.24,163.32,
vishing_602.wav,"원래는 개인 계좌로 입금하시면 안되지만, 고객님은 특별한 케이스여서 담당자를 지정한 후 해당 계좌에 상환하셔야 하는 경우라 그렇습니다..mp3",exact,243.07,242.71,
vishing_603.wav,수사기관사칭_전혀 모르는 분 맞으세요.mp3,exact,159.06,158.26,
vishing_604.wav,대출빙자형 사례 7_편법을 통해 피해자 신용평점을 상향시키기 위한 대출상환 요구.mp4-01.wav,exact,172.75,173.09,
vishing_605.wav,은행 전산부 회계담당 계좌번호로 납부처리하시면 곧바로 납부 상환 증명서를 발급해드립니다. 제가 고객님 도와드리려고 외삼촌이라고 지인 설정까지 해서 대출 심사 진행한 겁니다.mp3,exact,177.4,177.48,
vishing_606.wav,은행 직원이었던 OOO씨를 아십니까.mp3,exact,28.47,28.55,
vishing_607.wav,은행연합회사칭_보안카드탈취시도_ATM기 앞으로 유도.mp3,exact,146.0,146.31,
vishing_608.wav,은행직원도 공범으로 5명이 검거되었다.mp3,offset_corrected,1726.88,1719.63,metadata bias ~2.45s
vishing_609.wav,금감원_보이스피싱_2_수정07.mp4.wav,exact,155.56,155.67,
vishing_610.wav,인지세 94만원은 향후 저희가 돌려드립니다.mp3,exact,52.64,52.85,
vishing_611.wav,이 계좌는 금융감독원에 신청해서 고객님꼐 발급된 에스크로 계좌입니다.mp3,exact,167.86,167.94,
vishing_612.wav,"이 돈은 나중에 고객님께 반납 처리해드리기 때문에 소득이 아니고, 편법적인 부분이기 때문에 저희 법인 계좌로 상환받을 수는 없고, 전산팀 담당자를 섭외해서 그 분의 가상계좌로 상환받아야 합니다.mp3",exact,246.15,246.23,
vishing_613.wav,이 번호는 OO캐피탈 심사부 내선 전화번호입니다.mp3,exact,154.9,154.98,
vishing_614.wav,"이 사건은 전자금융거래법 위반 금융사기 사건으로, 다수의 피해자가 발생한 고소고발 사건입니다.mp3",exact,674.52,674.59,
vishing_615.wav,모든 계약 녹취가 완료되었습니다. 한국자산관리공사 캠코심사팀 OOO 과장이었습니다.mp3,exact,130.8,131.76,
vishing_616.wav,이 전화는 녹취전화라 수신이 안되므로 혹시 향후 궁금한 점 생기시면 서울중앙지검에서 ‘OOO 수사관’을 찾아주세요.mp3,exact,442.97,443.04,
vishing_617.wav,"이번 사건에 연루된 분들에게 개별 ip주소를 발급, 부여해드리고 있습니다.mp3",exact,2273.98,2274.06,
vishing_618.wav,이벤트행사 통장 한개당 300만원 제안.mp3,exact,34.53,34.53,
vishing_619.wav,저희 검찰로 오는데 시간이 얼마나 걸리죠.mp3,exact,338.99,338.95,
vishing_620.wav,"이제 본인의 통화기록, 문자 기록 조회를 할건데 오류가 날 수 있으니 휴대폰 설정에서 데이터를 끄시고, 와이파이도 차단해주세요.mp3",exact,184.02,184.08,
vishing_621.wav,4차례 신고된 여성 전화금융사기범 음성 1.mpeg-04.wav,exact,52.76,53.02,
vishing_622.wav,인지세 등록이 안되셔서 아직 대출금이 못 나간 것 같습니다. 인지세는 나중에 환급됩니다..mp3,exact,310.86,310.39,
vishing_623.wav,"인출하신 금액 중 수표는 5만원권이나 달러로 바꾸세요. 금감원 직원이 만나러 갈건데, 금감원 직원에게 돈이 든 가방을 건네세요.mp3",exact,2595.06,2595.13,
vishing_624.wav,(현금인출책 모집) 저희는 사업자들에게 거래 내역 생성시켜서 수수료를 받는 회사입니다. 고객님들로부터 자금 수령 후 다시 회사 계좌로 입금하시면 됩니다..mp3,exact,146.59,146.64,
vishing_625.wav,일대일 녹취 조사를 받을거구요.mp3,exact,213.66,212.76,
vishing_626.wav,5차례 신고된 남성 전화금융사기범 음성 4.mpeg-03.wav,exact,54.7,54.84,
vishing_627.wav,자꾸 전화 끊으시면 저희가 소환장을 보낼테니 출석하셔야 합니다.mp3,exact,166.91,166.97,
vishing_628.wav,자녀 이름을 사전에 알고 납치했다며 협박하는 사기전화.mp3,exact,17.55,17.55,
vishing_629.wav,작년 4월부터 10월까지.mp3,exact,1469.13,1469.2,
vishing_630.wav,6차례 신고된 남성 전화금융사기범 음성 1.mpeg-03.wav,exact,67.6,67.82,
vishing_631.wav,금감원_보이스피싱_10_수정07.mp4.wav,exact,152.0,152.7,
vishing_632.wav,"NH농협캐피탈인데, 사금융 이용중이시면 대환 가능하십니다. 저희 상담원들은 접수만 받고 있고, 심사과에서 금리나 한도를 봐드립니다..mp3",exact,42.08,42.12,
vishing_633.wav,저희 검찰청에서 국제사기단 김인수 일당을 검거했다.mp3,exact,883.98,883.97,
vishing_634.wav,서민금융통합지원센터에 대출 접수 이관 후 한국자산관리공사에서 심사 완료되면 대출금 수령 가능합니다-2.mp3,exact,340.38,340.01,
vishing_635.wav,저한테 사기꾼이라고 욕하신거 사과하시면 제가 내일 마이너스 통장 내어드릴게요. 사과 안하시고 마이너스 통장 신청 취소하시면 대부업체에 상환한 금액은 3개월 후에 환급받으시게 돼요..mp3,offset_corrected,887.69,884.06,metadata bias ~2.45s
vishing_636.wav,주변잡음이 썩이지 않는곳에서 통화좀 부탁할게요.mp3,offset_corrected,705.59,701.8,metadata bias ~2.45s
vishing_637.wav,저희 특별수사팀에서 검거를 했거든요.mp3,offset_corrected,2333.83,2324.03,metadata bias ~2.45s
vishing_638.wav,5차례 신고된 남성 전화금융사기범 음성 2.mpeg-02.wav,exact,123.06,123.19,
vishing_639.wav,저희가 대출중개업자는 아니고 저희 OO금융에서 자체적으로 대출받으시는거에요. 은행권은 아니구요..mp3,exact,105.12,104.96,
vishing_640.wav,사람 없는데서 전화받아. 울거나 하면 돈 필요 없이 애 죽인다.mp3,exact,233.12,233.67,
vishing_641.wav,ARS이용한 서울지방경찰청 사칭.mp3,exact,75.73,75.94,
vishing_642.wav,저희가 은행권 통해 조사해 봤는데요.mp3,exact,802.69,802.69,
vishing_643.wav,부산고등검찰청_거짓말 하시거나 숨기시면 절대 안됩니다.mp3,offset_corrected,499.25,495.49,metadata bias ~2.45s
vishing_644.wav,3차-(11).4차례 신고된 남성 전화금융사기범 음성 3.mpeg-04.wav,exact,117.54,118.66,
vishing_645.wav,"저희는 중개업체이긴 한데, 신한쪽 금융 관련해서 중개를 하다보니 신한금융이라고 말씀드리고 있습니다.mp3",exact,166.91,166.97,
vishing_646.wav,사례8 ( 2번 신고된 여성 목소리).mpeg-01.wav,exact,81.48,82.19,
vishing_647.wav,전국에서 본인 포함 200명이 연루되어 있습니다.mp3,offset_corrected,589.61,587.14,metadata bias ~2.45s
vishing_648.wav,"[사기 시나리오 2,3단계] 이거 제가 확인을 하고 금융감독원쪽에 등재를 할겁니다.mp3",exact,1459.85,1459.5,
vishing_649.wav,3차-(16).4차례 신고된 남성 전화금융사기범 음성 8.mpeg-02.wav,exact,64.6,65.05,
vishing_650.wav,고객님께서 저희 OO캐피탈로부터 대출을 받는다는 녹취를 진행하도록 하겠습니다. 동 내용으로 인해 유출 등의 문제 발생시 금감원에 손해배상청구소송을 진행하실 수 있습니다.mp3,exact,199.42,199.47,
vishing_651.wav,"검찰사칭, 침착대응(OO은행 과장출신입니다. 와서수사하세요)_.mp3",exact,95.45,96.27,
vishing_652.wav,절대 검찰조사 받는 것 발설하지 마세요.mp3,exact,448.08,446.2,
vishing_653.wav,사실확인차 연락을 드리는 거구요.mp3,exact,790.2,789.93,
vishing_654.wav,제가 고객님 계신 곳으로 계약서 들고 갈까요. 대출금은 3분이면 나갈 수 있습니다.mp3,exact,168.79,168.86,
vishing_655.wav,OO저축은행에서 대출받으시면 1시간 이내에 처리될 수 있도록 하겠습니다.mp3,exact,78.81,78.97,
vishing_656.wav,바로 이 목소리 사례1_F.mpeg-04.wav,exact,37.2,37.28,
vishing_657.wav,"제가 불러드리는 주소로 입력하셔서 어플리케이션 다운로드받으세요. 나중에 대출 심사부에서 전자 서명차 연락드릴건데, 그때 저희 어플리케이션 실행하시면 전자 서명하실 수 있으세요..mp3",exact,509.98,510.07,
vishing_658.wav,10번_3차례 신고된 남성 전화금융사기범 (음성_10).mp4-01.wav,exact,72.18,72.88,
vishing_659.wav,5차례 신고된 남성 전화금융사기범 음성 5.mpeg-01.wav,exact,87.54,87.55,
vishing_660.wav,제가 지시할 때까지 데이터랑 와이파이 모두 끄십시오(은행직원의 기지로 피해예방한 사례).mp3,exact,1917.7,1917.7,
vishing_661.wav,(대출빙자 및 통장매매 등)OO저축은행입니다._.mp3,exact,40.8,40.97,
vishing_662.wav,5차례 신고된 남성 전화금융사기범 음성 3.mpeg-02.wav,exact,49.84,49.99,
vishing_663.wav,저희 입장에서는 불법현장에서 당신명의의 통장이 발견되어서.mp3,offset_corrected,704.76,702.63,metadata bias ~2.45s
vishing_664.wav,개인정보도용으로 피해자들이 많이 계십니다.mp3,exact,616.59,616.92,
vishing_665.wav,[사기 시나리오 3단계] ATM계좌 이체한도 초과1.mp3,split_part,390.37,688.25,part 1/2 of raw recording
vishing_666.wav,"지금 대출 받으시려고 편법으로 진행하는거기 때문에, 혹시 은행 창구 직원이 돈을 왜 송금하는지 물어보더라도 마이너스 통장 발급받으려고 상환하는 거라고 말씀하시면 안됩니다. 사촌한테 사업자금 빌려주려고 송금하는거라고 말씀하시면 됩니다..mp3",exact,147.19,147.19,
vishing_667.wav,탈세를 명목으로 하여 통장을 양도하도록 유도.mp3,exact,248.5,248.95,
vishing_668.wav,서울지방경찰청사칭_왜 화를 내고 그러세요.mp3,offset_corrected,432.12,428.92,metadata bias ~2.45s
vishing_669.wav,진술한 내용이 사실과 다를경우 위증죄와 공무집행방해죄.mp3,offset_corrected,558.84,556.49,metadata bias ~2.45s
vishing_670.wav,3차-(9).4차례 신고된 남성 전화금융사기범 음성 1.mpeg-02.wav,exact,112.41,114.17,
vishing_671.wav,첨단범죄 수사1팀에 김범준 수사관입니다.mp3,exact,27.92,27.81,
vishing_672.wav,첨단범죄수사과입니다.mp3,exact,16.21,16.27,
vishing_673.wav,바로 이 목소리 사례3_F.mpeg-02.wav,exact,73.3,73.46,
vishing_674.wav,전반 조사과정은 녹취 상태로 진행됩니다 2.mp3,split_part,346.15,1453.73,part 2/2 of raw recording
vishing_675.wav,최근 금융권에서 귀하의 명의로 대출조회를 한 기록이 있습니다. 지금부터 금융감독위원회에 요청하여 임의적으로 10등급으로 하향조정할 것입니다..mp3,exact,3046.75,3046.79,
vishing_676.wav,4차례 신고된 남성 전화금융사기범 음성 6.mpeg-02.wav,exact,82.69,82.95,
vishing_677.wav,바로 이 목소리_4차례 신고된 남성 전화금융사기범 음성_1.mpeg-03.wav,exact,34.95,35.02,
vishing_678.wav,수사관 사칭하며...본인과 연관된 사건이 있어서 연락했습니다.mp3,offset_corrected,353.72,350.7,metadata bias ~2.45s
vishing_679.wav,통장 여권 분실하신적 있으세요.mp3,exact,91.74,92.29,
vishing_680.wav,취업빙자 통장편취사기.mp3,exact,204.17,203.32,
vishing_681.wav,카드비밀번호 CVC번호등 알려주시면 되요.mp3,offset_corrected,651.21,648.47,metadata bias ~2.45s
vishing_682.wav,하나은행과는 전혀 거래한적이 없다고요.mp3,exact,248.95,247.02,
vishing_683.wav,"경고하는데, 경찰에 신고하거나 주변 사람한테 알리면 애 배를 칼로 찌릅니다..mp3",exact,89.76,90.23,
vishing_684.wav,,unmatched_local,544.18,,no source found in backup folder
vishing_685.wav,4차례 신고된 남성 전화금융사기범 음성 7.mpeg-03.wav,exact,92.68,92.76,
vishing_686.wav,통장 임대 요청 (한달 임대료 250만원 드려요).mp3,exact,40.31,40.31,
vishing_687.wav,대출받으실때 '정부상품 대출 위해 상환처리 하려고 하는거다'라고 말씀하시면 안됩니다.mp3,exact,149.93,150.41,
vishing_688.wav,편법대출 진행을 위해 추가 입금을 요구.mp3,exact,202.87,202.87,
vishing_689.wav,편법을 통해서 저금리 대출 가능.mp3,exact,39.13,39.13,
vishing_690.wav,피의자신분으로 조사를 받아야함.mp3,exact,37.22,37.07,
vishing_691.wav,"대출승인은 났는데, 저희도 자금이 없어서 오늘 바로 내어드리기가 어렵습니다. 내일은 무조건 내어드릴 수 있습니다.mp3",exact,126.2,126.48,
vishing_692.wav,피해자 입증 증거자료 마련을 위해 녹취를 시작하겠습니다.mp3,offset_corrected,936.31,934.16,metadata bias ~2.45s
vishing_693.wav,피해자 입증이 되어야 고소고발이 취하된다.mp3,exact,418.51,416.75,
vishing_694.wav,(검찰사칭)다음주에 재판이 열립니다. 재판증거자료를 위해 통화를 녹취하겠습니다_.mp3,exact,147.93,148.56,
vishing_695.wav,범죄자일당에게 댓가를 받고 팔아넘긴건지.mp3,exact,135.39,134.49,
vishing_696.wav,피해자인지 가해자인이 아직 입증이 안됐다.mp3,exact,31.27,31.14,
vishing_697.wav,피해자인지 가해자인지 확인해야 합니다.mp3,exact,167.23,167.31,
vishing_698.wav,귀가 어두우세요.mp3,exact,248.06,248.47,
vishing_699.wav,학교에 간 자녀를 잡치했다고 협박하는 사기전화.mp3,exact,28.45,28.45,
vishing_700.wav,"현금에 국가보안코드를 입력해야 하는데, 사람이 아니라 기계가 하는것이기 때문에 여의도에 있는 금융감독원에서 진행됩니다(사기범 공문 낭독 내용 포함).mp3",exact,2269.77,2269.86,
vishing_701.wav,6차례 신고된 남성 전화금융사기범 음성 2.mpeg-03.wav,exact,89.23,89.59,
vishing_702.wav,2개 통장 본인이 직접 개설한 것이 맞습니까.mp3,exact,194.85,196.06,
vishing_703.wav,현장에서 압수된 두 계좌는 동결처리와 동시에 국고로 환수.mp3,exact,145.48,144.86,
vishing_704.wav,현재 사용중인 금융권 상호를 말씀해 주세요.mp3,exact,352.71,351.22,
vishing_705.wav,4차례 신고된 여성 전화금융사기범 음성 2.mpeg-02.wav,exact,79.67,79.78,
vishing_706.wav,3차-(5).5차례 신고된 남성 전화금융사기범 음성 3.mpeg-03.wav,exact,51.18,51.33,
,서울중앙지검 사칭_본인명의의 대포통장 및 현금발견.mp3,unmatched_backup,,147.08,backup clip not used in corpus
,대검찰청 금융범죄수사과 사칭_ 불법도박사건에 연루되었다.mp3,unmatched_backup,,186.8,backup clip not used in corpus
